,times,frequency,temperature,mass_flow,volume_flow,mouth_pressure,offset,theta,radius,alpha,z,x,alpha_ref,z_ref,x_ref,flow_ref,note,offset_ref,theta_ref,radius_ref,tongue,lips
0,0.0,251.14344552045984,0.0,0.0,0.0,0.0,75.8,45.0,102.5,0.0,0.0,0.0,0.0,0.0,0.0,0.0,D3,75.8,45.0,102.5,0.0,31.0
1,0.02499556541442871,251.14344552045984,0.0,0.0,0.0,0.0,75.8,45.0,102.5,0.0,0.0,0.0,0.0,0.0,0.0,0.0,D3,75.8,45.0,102.5,0.0,31.0
2,0.03908061981201172,251.14344552045984,0.0,0.0,0.0,0.0,75.8,45.0,102.5,0.0,0.0,0.0,0.0,0.0,0.0,0.0,D3,75.8,45.0,102.5,0.0,31.0
3,0.05572676658630371,251.14344552045984,0.0,0.0,0.0,0.0,75.8,45.0,102.5,0.0,0.0,0.0,0.0,0.0,0.0,0.0,D3,75.8,45.0,102.5,0.0,31.0
4,0.08804607391357422,245.40732129724032,0.0,0.0,0.0,0.0,75.8,45.0,102.5,0.0,0.0,0.0,0.0,0.0,0.0,0.0,D3,75.8,45.0,102.5,0.0,31.0
5,0.11852192878723145,245.40732129724032,0.0,0.0,0.0,0.0,75.8,45.0,102.5,0.0,0.0,0.0,0.0,0.0,0.0,0.0,D3,75.8,45.0,102.5,0.0,31.0
6,0.1331789493560791,245.40732129724032,0.0,0.0,0.0,0.0,75.8,45.0,102.5,0.0,0.0,0.0,0.0,0.0,0.0,0.0,D3,75.8,45.0,102.5,0.0,31.0
7,0.14855504035949707,237.04784702513638,0.0,0.0,0.0,0.0,75.8,45.0,102.5,0.0,0.0,0.0,0.0,0.0,0.0,0.0,D3,75.8,45.0,102.5,0.0,31.0
8,0.16477298736572266,237.04784702513638,0.0,0.0,0.0,0.0,75.8,45.0,102.5,0.0,0.0,0.0,0.0,0.0,0.0,0.0,D3,75.8,45.0,102.5,0.0,31.0
9,0.18073368072509766,237.04784702513638,0.0,0.0,0.0,0.0,75.8,45.0,102.5,0.0,0.0,0.0,0.0,0.0,0.0,0.0,D3,75.8,45.0,102.5,0.0,31.0
10,0.19746017456054688,237.04784702513638,0.0,0.0,0.0,0.0,75.8,45.0,102.5,0.0,0.0,0.0,0.0,0.0,0.0,0.0,D3,75.8,45.0,102.5,0.0,31.0
11,0.22733092308044434,237.04784702513638,0.0,0.0,0.0,0.0,75.8,45.0,102.5,0.0,0.0,0.0,0.0,0.0,0.0,0.0,D3,75.8,45.0,102.5,0.0,31.0
12,0.24350571632385254,237.04784702513638,0.0,0.0,0.0,0.0,75.8,45.0,102.5,0.0,0.0,0.0,0.0,0.0,0.0,0.0,D3,75.8,45.0,102.5,0.0,31.0
13,0.2588694095611572,237.04784702513638,0.0,0.0,0.0,0.0,75.8,45.0,102.5,0.0,0.0,0.0,0.0,0.0,0.0,0.0,D3,75.8,45.0,102.5,0.0,31.0
14,0.2890026569366455,219.8995964441766,0.0,0.0,0.0,0.0,75.8,45.0,102.5,0.0,0.0,0.0,0.0,0.0,0.0,0.0,D3,75.8,45.0,102.5,0.0,31.0
15,0.30385255813598633,219.8995964441766,0.0,0.0,0.0,0.0,75.8,45.0,102.5,0.0,0.0,0.0,0.0,0.0,0.0,0.0,D3,75.8,45.0,102.5,0.0,31.0
16,0.3200409412384033,219.8995964441766,0.0,0.0,0.0,0.0,75.8,45.0,102.5,0.0,0.0,0.0,0.0,0.0,0.0,0.0,D3,75.8,45.0,102.5,0.0,31.0
17,0.3359506130218506,219.8995964441766,0.0,0.0,0.0,0.0,75.8,45.0,102.5,0.0,0.0,0.0,0.0,0.0,0.0,0.0,D3,75.8,45.0,102.5,0.0,31.0
18,0.36664295196533203,219.8995964441766,0.0,0.0,0.0,0.0,75.8,45.0,102.5,0.0,0.0,0.0,0.0,0.0,0.0,0.0,D3,75.8,45.0,102.5,0.0,31.0
19,0.3956587314605713,219.8995964441766,0.0,0.0,0.0,0.0,75.8,45.0,102.5,0.0,0.0,0.0,0.0,0.0,0.0,0.0,D3,75.8,45.0,102.5,0.0,31.0
20,0.41132473945617676,216.12185299712482,0.0,0.0,0.0,0.0,75.8,45.0,102.5,0.0,0.0,0.0,0.0,0.0,0.0,0.0,D3,75.8,45.0,102.5,0.0,31.0
21,0.42781543731689453,216.12185299712482,0.0,0.0,0.0,0.0,75.8,45.0,102.5,0.0,0.0,0.0,0.0,0.0,0.0,0.0,D3,75.8,45.0,102.5,0.0,31.0
22,0.44257164001464844,216.12185299712482,0.0,0.0,0.0,0.0,75.8,45.0,102.5,0.0,0.0,0.0,0.0,0.0,0.0,0.0,D3,75.8,45.0,102.5,0.0,31.0
23,0.4725937843322754,216.12185299712482,0.0,0.0,0.0,0.0,75.8,45.0,102.5,0.0,0.0,0.0,0.0,0.0,0.0,0.0,D3,75.8,45.0,102.5,0.0,31.0
24,0.4866635799407959,216.12185299712482,0.0,0.0,0.0,0.0,75.8,45.0,102.5,0.0,0.0,0.0,0.0,0.0,0.0,0.0,D3,75.8,45.0,102.5,0.0,31.0
25,0.5062460899353027,216.12185299712482,0.0,0.0,0.0,0.0,75.8,45.0,102.5,0.0,0.0,0.0,0.0,0.0,0.0,0.0,D3,75.8,45.0,102.5,0.0,31.0
26,0.5357322692871094,216.12185299712482,0.0,0.0,0.0,0.0,75.8,45.0,102.5,0.0,0.0,0.0,0.0,0.0,0.0,0.0,D3,75.8,45.0,102.5,0.0,31.0
27,0.5505821704864502,218.63306796596578,0.0,0.0,0.0,0.0,75.8,45.0,102.5,0.0,0.0,0.0,0.0,0.0,0.0,0.0,D3,75.8,45.0,102.5,0.0,31.0
28,0.5670506954193115,218.63306796596578,0.0,0.0,0.0,0.0,75.8,45.0,102.5,0.0,0.0,0.0,0.0,0.0,0.0,0.0,D3,75.8,45.0,102.5,0.0,31.0
29,0.5820631980895996,218.63306796596578,0.0,0.0,0.0,0.0,75.8,45.0,102.5,0.0,0.0,0.0,0.0,0.0,0.0,0.0,D3,75.8,45.0,102.5,0.0,31.0
30,0.5973434448242188,218.63306796596578,0.0,0.0,0.0,0.0,75.8,45.0,102.5,0.0,0.0,0.0,0.0,0.0,0.0,0.0,D3,75.8,45.0,102.5,0.0,31.0
31,0.6139044761657715,218.63306796596578,0.0,0.0,0.0,0.0,75.8,45.0,102.5,0.0,0.0,0.0,0.0,0.0,0.0,0.0,D3,75.8,45.0,102.5,0.0,31.0
32,0.6459810733795166,218.63306796596578,0.0,0.0,0.0,0.0,75.8,45.0,102.5,0.0,0.0,0.0,0.0,0.0,0.0,0.0,D3,75.8,45.0,102.5,0.0,31.0
33,0.6772000789642334,218.63306796596578,0.0,0.0,0.0,0.0,75.8,45.0,102.5,0.0,0.0,0.0,0.0,0.0,0.0,0.0,D3,75.8,45.0,102.5,0.0,31.0
34,0.7069802284240723,203.99186545315516,0.0,0.0,0.0,0.0,75.8,45.0,102.5,0.0,0.0,0.0,0.0,0.0,0.0,0.0,D3,75.8,45.0,102.5,0.0,31.0
35,0.7211873531341553,203.99186545315516,0.0,0.0,0.0,0.0,75.8,45.0,102.5,0.0,0.0,0.0,0.0,0.0,0.0,0.0,D3,75.8,45.0,102.5,0.0,31.0
36,0.7386579513549805,203.99186545315516,0.0,0.0,0.0,0.0,75.8,45.0,102.5,0.0,0.0,0.0,0.0,0.0,0.0,0.0,D3,75.8,45.0,102.5,0.0,31.0
37,0.7522158622741699,203.99186545315516,0.0,0.0,0.0,0.0,75.8,45.0,102.5,0.0,0.0,0.0,0.0,0.0,0.0,0.0,D3,75.8,45.0,102.5,0.0,31.0
38,0.7833631038665771,203.99186545315516,0.0,0.0,0.0,0.0,75.8,45.0,102.5,0.0,0.0,0.0,0.0,0.0,0.0,0.0,D3,75.8,45.0,102.5,0.0,31.0
39,0.7991318702697754,203.99186545315516,0.0,0.0,0.0,0.0,75.8,45.0,102.5,0.0,0.0,0.0,0.0,0.0,0.0,0.0,D3,75.8,45.0,102.5,0.0,31.0
40,0.8146917819976807,65.0,0.0,0.0,0.0,0.0,75.8,45.0,102.5,0.0,0.0,0.0,0.0,0.0,0.0,0.0,D3,75.8,45.0,102.5,0.0,31.0
41,0.8319933414459229,65.0,0.0,0.0,0.0,0.0,75.8,45.0,102.5,0.0,0.0,0.0,0.0,0.0,0.0,0.0,D3,75.8,45.0,102.5,0.0,31.0
42,0.8624029159545898,65.0,0.0,0.0,0.0,0.0,75.8,45.0,102.5,0.0,0.0,0.0,0.0,0.0,0.0,0.0,D3,75.8,45.0,102.5,0.0,31.0
43,0.878265380859375,65.0,0.0,0.0,0.0,0.0,75.8,45.0,102.5,0.0,0.0,0.0,0.0,0.0,0.0,0.0,D3,75.8,45.0,102.5,0.0,31.0
44,0.909588098526001,65.0,0.0,0.0,0.0,0.0,75.8,45.0,102.5,0.0,0.0,0.0,0.0,0.0,0.0,0.0,D3,75.8,45.0,102.5,0.0,31.0
45,0.9385354518890381,65.0,0.0,0.0,0.0,0.0,75.8,45.0,102.5,0.0,0.0,0.0,0.0,0.0,0.0,0.0,D3,75.8,45.0,102.5,0.0,31.0
46,0.9547243118286133,2092.0493174211356,0.0,0.0,0.0,0.0,75.8,45.0,102.5,0.0,0.0,0.0,0.0,0.0,0.0,0.0,D3,75.8,45.0,102.5,0.0,31.0
47,0.9852824211120605,2092.0493174211356,0.0,0.0,0.0,0.0,75.8,45.0,102.5,0.0,0.0,0.0,0.0,0.0,0.0,0.0,D3,75.8,45.0,102.5,0.0,31.0
48,1.001490831375122,2092.0493174211356,0.0,0.0,0.0,0.0,75.8,45.0,102.5,0.0,0.0,0.0,0.0,0.0,0.0,0.0,D3,75.8,45.0,102.5,0.0,31.0
49,1.0317516326904297,2092.0493174211356,0.0,0.0,0.0,0.0,75.8,45.0,102.5,0.0,0.0,0.0,0.0,0.0,0.0,0.0,D3,75.8,45.0,102.5,0.0,31.0
50,1.0618438720703125,2092.0493174211356,0.0,0.0,0.0,0.0,75.8,45.0,102.5,0.0,0.0,0.0,0.0,0.0,0.0,0.0,D3,75.8,45.0,102.5,0.0,31.0
51,1.0773639678955078,2092.0493174211356,0.0,0.0,0.0,0.0,75.8,45.0,102.5,0.0,0.0,0.0,0.0,0.0,0.0,0.0,D3,75.8,45.0,102.5,0.0,31.0
52,1.092559576034546,223.74337368352585,0.0,0.0,0.0,0.0,75.8,45.0,102.5,0.0,0.0,0.0,0.0,0.0,0.0,0.0,D3,75.8,45.0,102.5,0.0,31.0
53,1.1091423034667969,223.74337368352585,0.0,0.0,0.0,0.0,75.8,45.0,102.5,0.0,0.0,0.0,0.0,0.0,0.0,0.0,D3,75.8,45.0,102.5,0.0,31.0
54,1.1247084140777588,223.74337368352585,0.0,0.0,0.0,0.0,75.8,45.0,102.5,0.0,0.0,0.0,0.0,0.0,0.0,0.0,D3,75.8,45.0,102.5,0.0,31.0
55,1.1417276859283447,223.74337368352585,0.0,0.0,0.0,0.0,75.8,45.0,102.5,0.0,0.0,0.0,0.0,0.0,0.0,0.0,D3,75.8,45.0,102.5,0.0,31.0
56,1.1574451923370361,223.74337368352585,0.0,0.0,0.0,0.0,75.8,45.0,102.5,0.0,0.0,0.0,0.0,0.0,0.0,0.0,D3,75.8,45.0,102.5,0.0,31.0
57,1.1869721412658691,223.74337368352585,0.0,0.0,0.0,0.0,75.8,45.0,102.5,0.0,0.0,0.0,0.0,0.0,0.0,0.0,D3,75.8,45.0,102.5,0.0,31.0
58,1.2046959400177002,223.74337368352585,0.0,0.0,0.0,0.0,75.8,45.0,102.5,0.0,0.0,0.0,0.0,0.0,0.0,0.0,D3,75.8,45.0,102.5,0.0,31.0
59,1.2351067066192627,223.74337368352585,0.0,0.0,0.0,0.0,75.8,45.0,102.5,0.0,0.0,0.0,0.0,0.0,0.0,0.0,D3,75.8,45.0,102.5,0.0,31.0
60,1.2483246326446533,223.74337368352585,0.0,0.0,0.0,0.0,75.8,45.0,102.5,0.0,0.0,0.0,0.0,0.0,0.0,0.0,D3,75.8,45.0,102.5,0.0,31.0
61,1.2641832828521729,223.74337368352585,0.0,0.0,0.0,0.0,75.8,45.0,102.5,0.0,0.0,0.0,0.0,0.0,0.0,0.0,D3,75.8,45.0,102.5,0.0,31.0
62,1.2795181274414062,223.74337368352585,0.0,0.0,0.0,0.0,75.8,45.0,102.5,0.0,0.0,0.0,0.0,0.0,0.0,0.0,D3,75.8,45.0,102.5,0.0,31.0
63,1.2960536479949951,223.74337368352585,0.0,0.0,0.0,0.0,75.8,45.0,102.5,0.0,0.0,0.0,0.0,0.0,0.0,0.0,D3,75.8,45.0,102.5,0.0,31.0
64,1.326368808746338,223.74337368352585,0.0,0.0,0.0,0.0,75.8,45.0,102.5,0.0,0.0,0.0,0.0,0.0,0.0,0.0,D3,75.8,45.0,102.5,0.0,31.0
65,1.3423662185668945,223.74337368352585,0.0,0.0,0.0,0.0,75.8,45.0,102.5,0.0,0.0,0.0,0.0,0.0,0.0,0.0,D3,75.8,45.0,102.5,0.0,31.0
66,1.3736317157745361,221.17346184722248,0.0,0.0,0.0,0.0,75.8,45.0,102.5,0.0,0.0,0.0,0.0,0.0,0.0,0.0,D3,75.8,45.0,102.5,0.0,31.0
67,1.3885300159454346,221.17346184722248,0.0,0.0,0.0,0.0,75.8,45.0,102.5,0.0,0.0,0.0,0.0,0.0,0.0,0.0,D3,75.8,45.0,102.5,0.0,31.0
68,1.4037251472473145,221.17346184722248,0.0,0.0,0.0,0.0,75.8,45.0,102.5,0.0,0.0,0.0,0.0,0.0,0.0,0.0,D3,75.8,45.0,102.5,0.0,31.0
69,1.4199018478393555,221.17346184722248,0.0,0.0,0.0,0.0,75.8,45.0,102.5,0.0,0.0,0.0,0.0,0.0,0.0,0.0,D3,75.8,45.0,102.5,0.0,31.0
70,1.436601161956787,221.17346184722248,0.0,0.0,0.0,0.0,75.8,45.0,102.5,0.0,0.0,0.0,0.0,0.0,0.0,0.0,D3,75.8,45.0,102.5,0.0,31.0
71,1.4663646221160889,221.17346184722248,0.0,0.0,0.0,0.0,75.8,45.0,102.5,0.0,0.0,0.0,0.0,0.0,0.0,0.0,D3,75.8,45.0,102.5,0.0,31.0
72,1.4806807041168213,221.17346184722248,0.0,0.0,0.0,0.0,75.8,45.0,102.5,0.0,0.0,0.0,0.0,0.0,0.0,0.0,D3,75.8,45.0,102.5,0.0,31.0
73,1.4956941604614258,221.17346184722248,0.0,0.0,0.0,0.0,75.8,45.0,102.5,0.0,0.0,0.0,0.0,0.0,0.0,0.0,D3,75.8,45.0,102.5,0.0,31.0
74,1.5129153728485107,221.17346184722248,0.0,0.0,0.0,0.0,75.8,45.0,102.5,0.0,0.0,0.0,0.0,0.0,0.0,0.0,D3,75.8,45.0,102.5,0.0,31.0
75,1.5434536933898926,221.17346184722248,0.0,0.0,0.0,0.0,75.8,45.0,102.5,0.0,0.0,0.0,0.0,0.0,0.0,0.0,D3,75.8,45.0,102.5,0.0,31.0
76,1.5591468811035156,221.17346184722248,0.0,0.0,0.0,0.0,75.8,45.0,102.5,0.0,0.0,0.0,0.0,0.0,0.0,0.0,D3,75.8,45.0,102.5,0.0,31.0
77,1.5752246379852295,221.17346184722248,0.0,0.0,0.0,0.0,75.8,45.0,102.5,0.0,0.0,0.0,0.0,0.0,0.0,0.0,D3,75.8,45.0,102.5,0.0,31.0
78,1.590101718902588,221.17346184722248,0.0,0.0,0.0,0.0,75.8,45.0,102.5,0.0,0.0,0.0,0.0,0.0,0.0,0.0,D3,75.8,45.0,102.5,0.0,31.0
79,1.6197409629821777,223.74337368352585,0.0,0.0,0.0,0.0,75.8,45.0,102.5,0.0,0.0,0.0,0.0,0.0,0.0,0.0,D3,75.8,45.0,102.5,0.0,31.0
80,1.6353743076324463,223.74337368352585,0.0,0.0,0.0,0.0,75.8,45.0,102.5,0.0,0.0,0.0,0.0,0.0,0.0,0.0,D3,75.8,45.0,102.5,0.0,31.0
81,1.6513924598693848,223.74337368352585,0.0,0.0,0.0,0.0,75.8,45.0,102.5,0.0,0.0,0.0,0.0,0.0,0.0,0.0,D3,75.8,45.0,102.5,0.0,31.0
82,1.6667485237121582,223.74337368352585,0.0,0.0,0.0,0.0,75.8,45.0,102.5,0.0,0.0,0.0,0.0,0.0,0.0,0.0,D3,75.8,45.0,102.5,0.0,31.0
83,1.6830840110778809,223.74337368352585,0.0,0.0,0.0,0.0,75.8,45.0,102.5,0.0,0.0,0.0,0.0,0.0,0.0,0.0,D3,75.8,45.0,102.5,0.0,31.0
84,1.6994965076446533,223.74337368352585,0.0,0.0,0.0,0.0,75.8,45.0,102.5,0.0,0.0,0.0,0.0,0.0,0.0,0.0,D3,75.8,45.0,102.5,0.0,31.0
85,1.7285845279693604,223.74337368352585,0.0,0.0,0.0,0.0,75.8,45.0,102.5,0.0,0.0,0.0,0.0,0.0,0.0,0.0,D3,75.8,45.0,102.5,0.0,31.0
86,1.7446296215057373,223.74337368352585,0.0,0.0,0.0,0.0,75.8,45.0,102.5,0.0,0.0,0.0,0.0,0.0,0.0,0.0,D3,75.8,45.0,102.5,0.0,31.0
87,1.7598040103912354,216.12185299712482,0.0,0.0,0.0,0.0,75.8,45.0,102.5,0.0,0.0,0.0,0.0,0.0,0.0,0.0,D3,75.8,45.0,102.5,0.0,31.0
88,1.776489019393921,216.12185299712482,0.0,0.0,0.0,0.0,75.8,45.0,102.5,0.0,0.0,0.0,0.0,0.0,0.0,0.0,D3,75.8,45.0,102.5,0.0,31.0
89,1.791626214981079,216.12185299712482,0.0,0.0,0.0,0.0,75.8,45.0,102.5,0.0,0.0,0.0,0.0,0.0,0.0,0.0,D3,75.8,45.0,102.5,0.0,31.0
90,1.8067233562469482,216.12185299712482,0.0,0.0,0.0,0.0,75.8,45.0,102.5,0.0,0.0,0.0,0.0,0.0,0.0,0.0,D3,75.8,45.0,102.5,0.0,31.0
91,1.8220055103302002,216.12185299712482,0.0,0.0,0.0,0.0,75.8,45.0,102.5,0.0,0.0,0.0,0.0,0.0,0.0,0.0,D3,75.8,45.0,102.5,0.0,31.0
92,1.8381829261779785,216.12185299712482,0.0,0.0,0.0,0.0,75.8,45.0,102.5,0.0,0.0,0.0,0.0,0.0,0.0,0.0,D3,75.8,45.0,102.5,0.0,31.0
93,1.8539760112762451,216.12185299712482,0.0,0.0,0.0,0.0,75.8,45.0,102.5,0.0,0.0,0.0,0.0,0.0,0.0,0.0,D3,75.8,45.0,102.5,0.0,31.0
94,1.868959903717041,216.12185299712482,0.0,0.0,0.0,0.0,75.8,45.0,102.5,0.0,0.0,0.0,0.0,0.0,0.0,0.0,D3,75.8,45.0,102.5,0.0,31.0
95,1.8844594955444336,216.12185299712482,0.0,0.0,0.0,0.0,75.8,45.0,102.5,0.0,0.0,0.0,0.0,0.0,0.0,0.0,D3,75.8,45.0,102.5,0.0,31.0
96,1.900883674621582,2092.0493174211356,0.0,0.0,0.0,0.0,75.8,45.0,102.5,0.0,0.0,0.0,0.0,0.0,0.0,0.0,D3,75.8,45.0,102.5,0.0,31.0
97,1.9162919521331787,2092.0493174211356,0.0,0.0,0.0,0.0,75.8,45.0,102.5,0.0,0.0,0.0,0.0,0.0,0.0,0.0,D3,75.8,45.0,102.5,0.0,31.0
98,1.931995153427124,2092.0493174211356,0.0,0.0,0.0,0.0,75.8,45.0,102.5,0.0,0.0,0.0,0.0,0.0,0.0,0.0,D3,75.8,45.0,102.5,0.0,31.0
99,1.949172019958496,2092.0493174211356,0.0,0.0,0.0,0.0,75.8,45.0,102.5,0.0,0.0,0.0,0.0,0.0,0.0,0.0,D3,75.8,45.0,102.5,0.0,31.0
100,1.9633090496063232,2092.0493174211356,0.0,0.0,0.0,0.0,75.8,45.0,102.5,0.0,0.0,0.0,0.0,0.0,0.0,0.0,D3,75.8,45.0,102.5,0.0,31.0
101,1.9789931774139404,2092.0493174211356,0.0,0.0,0.0,0.0,75.8,45.0,102.5,0.0,0.0,0.0,0.0,0.0,0.0,0.0,D3,75.8,45.0,102.5,0.0,31.0
102,1.995924711227417,2092.0493174211356,0.0,0.0,0.0,0.0,75.8,45.0,102.5,0.0,0.0,0.0,0.0,0.0,0.0,0.0,D3,75.8,45.0,102.5,0.0,31.0
103,2.0255041122436523,65.0,0.0,0.0,0.0,0.0,75.8,45.0,102.5,0.0,0.0,0.0,0.0,0.0,0.0,0.0,D3,75.8,45.0,102.5,0.0,31.0
104,2.0408101081848145,65.0,0.0,0.0,0.0,0.0,75.8,45.0,102.5,0.0,0.0,0.0,0.0,0.0,0.0,0.0,D3,75.8,45.0,102.5,0.0,31.0
105,2.055387496948242,65.0,0.0,0.0,0.0,0.0,75.8,45.0,102.5,0.0,0.0,0.0,0.0,0.0,0.0,0.0,D3,75.8,45.0,102.5,0.0,31.0
106,2.0719618797302246,65.0,0.0,0.0,0.0,0.0,75.8,45.0,102.5,0.0,0.0,0.0,0.0,0.0,0.0,0.0,D3,75.8,45.0,102.5,0.0,31.0
107,2.088895082473755,65.0,0.0,0.0,0.0,0.0,75.8,45.0,102.5,0.0,0.0,0.0,0.0,0.0,0.0,0.0,D3,75.8,45.0,102.5,0.0,31.0
108,2.103524684906006,65.0,0.0,0.0,0.0,0.0,75.8,45.0,102.5,0.0,0.0,0.0,0.0,0.0,0.0,0.0,D3,75.8,45.0,102.5,0.0,31.0
109,2.1197500228881836,65.0,0.0,0.0,0.0,0.0,75.8,45.0,102.5,0.0,0.0,0.0,0.0,0.0,0.0,0.0,D3,75.8,45.0,102.5,0.0,31.0
110,2.1503283977508545,65.0,0.0,0.0,0.0,0.0,75.8,45.0,102.5,0.0,0.0,0.0,0.0,0.0,0.0,0.0,D3,75.8,45.0,102.5,0.0,31.0
111,2.1654045581817627,65.0,0.0,0.0,0.0,0.0,75.8,45.0,102.5,0.0,0.0,0.0,0.0,0.0,0.0,0.0,D3,75.8,45.0,102.5,0.0,31.0
112,2.180332899093628,65.0,0.0,0.0,0.0,0.0,75.8,45.0,102.5,0.0,0.0,0.0,0.0,0.0,0.0,0.0,D3,75.8,45.0,102.5,0.0,31.0
113,2.196021318435669,65.0,0.0,0.0,0.0,0.0,75.8,45.0,102.5,0.0,0.0,0.0,0.0,0.0,0.0,0.0,D3,75.8,45.0,102.5,0.0,31.0
114,2.214804172515869,65.0,0.0,0.0,0.0,0.0,75.8,45.0,102.5,0.0,0.0,0.0,0.0,0.0,0.0,0.0,D3,75.8,45.0,102.5,0.0,31.0
115,2.2435243129730225,65.0,0.0,0.0,0.0,0.0,75.8,45.0,102.5,0.0,0.0,0.0,0.0,0.0,0.0,0.0,D3,75.8,45.0,102.5,0.0,31.0
116,2.2595486640930176,65.0,0.0,0.0,0.0,0.0,75.8,45.0,102.5,0.0,0.0,0.0,0.0,0.0,0.0,0.0,D3,75.8,45.0,102.5,0.0,31.0
117,2.275703191757202,65.0,0.0,0.0,0.0,0.0,75.8,45.0,102.5,0.0,0.0,0.0,0.0,0.0,0.0,0.0,D3,75.8,45.0,102.5,0.0,31.0
118,2.290802001953125,65.0,0.0,0.0,0.0,0.0,75.8,45.0,102.5,0.0,0.0,0.0,0.0,0.0,0.0,0.0,D3,75.8,45.0,102.5,0.0,31.0
119,2.3070595264434814,65.0,0.0,0.0,0.0,0.0,75.8,45.0,102.5,0.0,0.0,0.0,0.0,0.0,0.0,0.0,D3,75.8,45.0,102.5,0.0,31.0
120,2.3215999603271484,65.0,0.0,0.0,0.0,0.0,75.8,45.0,102.5,0.0,0.0,0.0,0.0,0.0,0.0,0.0,D3,75.8,45.0,102.5,0.0,31.0
121,2.338583469390869,65.0,0.0,0.0,0.0,0.0,75.8,45.0,102.5,0.0,0.0,0.0,0.0,0.0,0.0,0.0,D3,75.8,45.0,102.5,0.0,31.0
122,2.3686885833740234,65.0,0.0,0.0,0.0,0.0,75.8,45.0,102.5,0.0,0.0,0.0,0.0,0.0,0.0,0.0,D3,75.8,45.0,102.5,0.0,31.0
123,2.3852906227111816,65.0,0.0,0.0,0.0,0.0,75.8,45.0,102.5,0.0,0.0,0.0,0.0,0.0,0.0,0.0,D3,75.8,45.0,102.5,0.0,31.0
124,2.3991317749023438,65.0,0.0,0.0,0.0,0.0,75.8,45.0,102.5,0.0,0.0,0.0,0.0,0.0,0.0,0.0,D3,75.8,45.0,102.5,0.0,31.0
125,2.4148523807525635,65.0,0.0,0.0,0.0,0.0,75.8,45.0,102.5,0.0,0.0,0.0,0.0,0.0,0.0,0.0,D3,75.8,45.0,102.5,0.0,31.0
126,2.444450616836548,65.0,0.0,0.0,0.0,0.0,75.8,45.0,102.5,0.0,0.0,0.0,0.0,0.0,0.0,0.0,D3,75.8,45.0,102.5,0.0,31.0
127,2.460947275161743,65.0,0.0,0.0,0.0,0.0,75.8,45.0,102.5,0.0,0.0,0.0,0.0,0.0,0.0,0.0,D3,75.8,45.0,102.5,0.0,31.0
128,2.479233741760254,65.0,0.0,0.0,0.0,0.0,75.8,45.0,102.5,0.0,0.0,0.0,0.0,0.0,0.0,0.0,D3,75.8,45.0,102.5,0.0,31.0
129,2.5084218978881836,65.0,0.0,0.0,0.0,0.0,75.8,45.0,102.5,0.0,0.0,0.0,0.0,0.0,0.0,0.0,D3,75.8,45.0,102.5,0.0,31.0
130,2.5233662128448486,65.0,0.0,0.0,0.0,0.0,75.8,45.0,102.5,0.0,0.0,0.0,0.0,0.0,0.0,0.0,D3,75.8,45.0,102.5,0.0,31.0
131,2.5390114784240723,65.0,0.0,0.0,0.0,0.0,75.8,45.0,102.5,0.0,0.0,0.0,0.0,0.0,0.0,0.0,D3,75.8,45.0,102.5,0.0,31.0
132,2.5554299354553223,65.0,0.0,0.0,0.0,0.0,75.8,45.0,102.5,0.0,0.0,0.0,0.0,0.0,0.0,0.0,D3,75.8,45.0,102.5,0.0,31.0
133,2.5846831798553467,1689.48498442097,0.0,0.0,0.0,0.0,75.8,45.0,102.5,0.0,0.0,0.0,0.0,0.0,0.0,0.0,D3,75.8,45.0,102.5,0.0,31.0
134,2.6013236045837402,1689.48498442097,0.0,0.0,0.0,0.0,75.8,45.0,102.5,0.0,0.0,0.0,0.0,0.0,0.0,0.0,D3,75.8,45.0,102.5,0.0,31.0
135,2.617865800857544,1689.48498442097,0.0,0.0,0.0,0.0,75.8,45.0,102.5,0.0,0.0,0.0,0.0,0.0,0.0,0.0,D3,75.8,45.0,102.5,0.0,31.0
136,2.6326186656951904,1689.48498442097,0.0,0.0,0.0,0.0,75.8,45.0,102.5,0.0,0.0,0.0,0.0,0.0,0.0,0.0,D3,75.8,45.0,102.5,0.0,31.0
137,2.647658348083496,1689.48498442097,0.0,0.0,0.0,0.0,75.8,45.0,102.5,0.0,0.0,0.0,0.0,0.0,0.0,0.0,D3,75.8,45.0,102.5,0.0,31.0
138,2.6641790866851807,1689.48498442097,0.0,0.0,0.0,0.0,75.8,45.0,102.5,0.0,0.0,0.0,0.0,0.0,0.0,0.0,D3,75.8,45.0,102.5,0.0,31.0
139,2.6948282718658447,1689.48498442097,0.0,0.0,0.0,0.0,75.8,45.0,102.5,0.0,0.0,0.0,0.0,0.0,0.0,0.0,D3,75.8,45.0,102.5,0.0,31.0
140,2.7100565433502197,444.90941335495313,0.0,0.0,0.0,0.0,75.8,45.0,102.5,0.0,0.0,0.0,0.0,0.0,0.0,0.0,D3,75.8,45.0,102.5,0.0,31.0
141,2.724992036819458,444.90941335495313,0.0,0.0,0.0,0.0,75.8,45.0,102.5,0.0,0.0,0.0,0.0,0.0,0.0,0.0,D3,75.8,45.0,102.5,0.0,31.0
142,2.7410545349121094,444.90941335495313,0.0,0.0,0.0,0.0,75.8,45.0,102.5,0.0,0.0,0.0,0.0,0.0,0.0,0.0,D3,75.8,45.0,102.5,0.0,31.0
143,2.7575385570526123,444.90941335495313,0.0,0.0,0.0,0.0,75.8,45.0,102.5,0.0,0.0,0.0,0.0,0.0,0.0,0.0,D3,75.8,45.0,102.5,0.0,31.0
144,2.7711856365203857,444.90941335495313,0.0,0.0,0.0,0.0,75.8,45.0,102.5,0.0,0.0,0.0,0.0,0.0,0.0,0.0,D3,75.8,45.0,102.5,0.0,31.0
145,2.7908380031585693,444.90941335495313,0.0,0.0,0.0,0.0,75.8,45.0,102.5,0.0,0.0,0.0,0.0,0.0,0.0,0.0,D3,75.8,45.0,102.5,0.0,31.0
146,2.819800853729248,444.90941335495313,0.0,0.0,0.0,0.0,75.8,45.0,102.5,0.0,0.0,0.0,0.0,0.0,0.0,0.0,D3,75.8,45.0,102.5,0.0,31.0
147,2.8355801105499268,230.29955496661373,0.0,0.0,0.0,0.0,75.8,45.0,102.5,0.0,0.0,0.0,0.0,0.0,0.0,0.0,D3,75.8,45.0,102.5,0.0,31.0
148,2.8506150245666504,230.29955496661373,0.0,0.0,0.0,0.0,75.8,45.0,102.5,0.0,0.0,0.0,0.0,0.0,0.0,0.0,D3,75.8,45.0,102.5,0.0,31.0
149,2.866940975189209,230.29955496661373,0.0,0.0,0.0,0.0,75.8,45.0,102.5,0.0,0.0,0.0,0.0,0.0,0.0,0.0,D3,75.8,45.0,102.5,0.0,31.0
150,2.8841960430145264,230.29955496661373,0.0,0.0,0.0,0.0,75.8,45.0,102.5,0.0,0.0,0.0,0.0,0.0,0.0,0.0,D3,75.8,45.0,102.5,0.0,31.0
151,2.9018750190734863,230.29955496661373,0.0,0.0,0.0,0.0,75.8,45.0,102.5,0.0,0.0,0.0,0.0,0.0,0.0,0.0,D3,75.8,45.0,102.5,0.0,31.0
152,2.9322803020477295,230.29955496661373,0.0,0.0,0.0,0.0,75.8,45.0,102.5,0.0,0.0,0.0,0.0,0.0,0.0,0.0,D3,75.8,45.0,102.5,0.0,31.0
153,2.960357427597046,248.25881701670832,0.0,0.0,0.0,0.0,75.8,45.0,102.5,0.0,0.0,0.0,0.0,0.0,0.0,0.0,D3,75.8,45.0,102.5,0.0,31.0
154,2.974571466445923,248.25881701670832,0.0,0.0,0.0,0.0,75.8,45.0,102.5,0.0,0.0,0.0,0.0,0.0,0.0,0.0,D3,75.8,45.0,102.5,0.0,31.0
155,2.9916160106658936,248.25881701670832,0.0,0.0,0.0,0.0,75.8,45.0,102.5,0.0,0.0,0.0,0.0,0.0,0.0,0.0,D3,75.8,45.0,102.5,0.0,31.0
156,3.021678924560547,248.25881701670832,0.0,0.0,0.0,0.0,75.8,45.0,102.5,0.0,0.0,0.0,0.0,0.0,0.0,0.0,D3,75.8,45.0,102.5,0.0,31.0
157,3.036921977996826,248.25881701670832,0.0,0.0,0.0,0.0,75.8,45.0,102.5,0.0,0.0,0.0,0.0,0.0,0.0,0.0,D3,75.8,45.0,102.5,0.0,31.0
158,3.0545272827148438,248.25881701670832,0.0,0.0,0.0,0.0,75.8,45.0,102.5,0.0,0.0,0.0,0.0,0.0,0.0,0.0,D3,75.8,45.0,102.5,0.0,31.0
159,3.08323335647583,248.25881701670832,0.0,0.0,0.0,0.0,75.8,45.0,102.5,0.0,0.0,0.0,0.0,0.0,0.0,0.0,D3,75.8,45.0,102.5,0.0,31.0
160,3.0982391834259033,243.99387913449723,0.0,0.0,0.0,0.0,75.8,45.0,102.5,0.0,0.0,0.0,0.0,0.0,0.0,0.0,D3,75.8,45.0,102.5,0.0,31.0
161,3.1168642044067383,243.99387913449723,0.0,0.0,0.0,0.0,75.8,45.0,102.5,0.0,0.0,0.0,0.0,0.0,0.0,0.0,D3,75.8,45.0,102.5,0.0,31.0
162,3.146251916885376,243.99387913449723,0.0,0.0,0.0,0.0,75.8,45.0,102.5,0.0,0.0,0.0,0.0,0.0,0.0,0.0,D3,75.8,45.0,102.5,0.0,31.0
163,3.1804003715515137,243.99387913449723,0.0,0.0,0.0,0.0,75.8,45.0,102.5,0.0,0.0,0.0,0.0,0.0,0.0,0.0,D3,75.8,45.0,102.5,0.0,31.0
164,3.208214521408081,243.99387913449723,0.0,0.0,0.0,0.0,75.8,45.0,102.5,0.0,0.0,0.0,0.0,0.0,0.0,0.0,D3,75.8,45.0,102.5,0.0,31.0
165,3.2243924140930176,251.14344552045984,0.0,0.0,0.0,0.0,75.8,45.0,102.5,0.0,0.0,0.0,0.0,0.0,0.0,0.0,D3,75.8,45.0,102.5,0.0,31.0
166,3.241805076599121,251.14344552045984,0.0,0.0,0.0,0.0,75.8,45.0,102.5,0.0,0.0,0.0,0.0,0.0,0.0,0.0,D3,75.8,45.0,102.5,0.0,31.0
167,3.256067991256714,251.14344552045984,0.0,0.0,0.0,0.0,75.8,45.0,102.5,0.0,0.0,0.0,0.0,0.0,0.0,0.0,D3,75.8,45.0,102.5,0.0,31.0
168,3.2731504440307617,251.14344552045984,0.0,0.0,0.0,0.0,75.8,45.0,102.5,0.0,0.0,0.0,0.0,0.0,0.0,0.0,D3,75.8,45.0,102.5,0.0,31.0
169,3.2890541553497314,251.14344552045984,0.0,0.0,0.0,0.0,75.8,45.0,102.5,0.0,0.0,0.0,0.0,0.0,0.0,0.0,D3,75.8,45.0,102.5,0.0,31.0
170,3.3181958198547363,251.14344552045984,0.0,0.0,0.0,0.0,75.8,45.0,102.5,0.0,0.0,0.0,0.0,0.0,0.0,0.0,D3,75.8,45.0,102.5,0.0,31.0
171,3.3335561752319336,251.14344552045984,0.0,0.0,0.0,0.0,75.8,45.0,102.5,0.0,0.0,0.0,0.0,0.0,0.0,0.0,D3,75.8,45.0,102.5,0.0,31.0
172,3.3483777046203613,455.30867793106023,0.0,0.0,0.0,0.0,75.8,45.0,102.5,0.0,0.0,0.0,0.0,0.0,0.0,0.0,D3,75.8,45.0,102.5,0.0,31.0
173,3.364426612854004,455.30867793106023,0.0,0.0,0.0,0.0,75.8,45.0,102.5,0.0,0.0,0.0,0.0,0.0,0.0,0.0,D3,75.8,45.0,102.5,0.0,31.0
174,3.3799190521240234,455.30867793106023,0.0,0.0,0.0,0.0,75.8,45.0,102.5,0.0,0.0,0.0,0.0,0.0,0.0,0.0,D3,75.8,45.0,102.5,0.0,31.0
175,3.39689302444458,455.30867793106023,0.0,0.0,0.0,0.0,75.8,45.0,102.5,0.0,0.0,0.0,0.0,0.0,0.0,0.0,D3,75.8,45.0,102.5,0.0,31.0
176,3.411322593688965,455.30867793106023,0.0,0.0,0.0,0.0,75.8,45.0,102.5,0.0,0.0,0.0,0.0,0.0,0.0,0.0,D3,75.8,45.0,102.5,0.0,31.0
177,3.4262678623199463,455.30867793106023,0.0,0.0,0.0,0.0,75.8,45.0,102.5,0.0,0.0,0.0,0.0,0.0,0.0,0.0,D3,75.8,45.0,102.5,0.0,31.0
178,3.443432092666626,455.30867793106023,0.0,0.0,0.0,0.0,75.8,45.0,102.5,0.0,0.0,0.0,0.0,0.0,0.0,0.0,D3,75.8,45.0,102.5,0.0,31.0
179,3.459761142730713,455.30867793106023,0.0,0.0,0.0,0.0,75.8,45.0,102.5,0.0,0.0,0.0,0.0,0.0,0.0,0.0,D3,75.8,45.0,102.5,0.0,31.0
180,3.489243268966675,221.17346184722248,0.0,0.0,0.0,0.0,75.8,45.0,102.5,0.0,0.0,0.0,0.0,0.0,0.0,0.0,D3,75.8,45.0,102.5,0.0,31.0
181,3.5193631649017334,221.17346184722248,0.0,0.0,0.0,0.0,75.8,45.0,102.5,0.0,0.0,0.0,0.0,0.0,0.0,0.0,D3,75.8,45.0,102.5,0.0,31.0
182,3.535172939300537,221.17346184722248,0.0,0.0,0.0,0.0,75.8,45.0,102.5,0.0,0.0,0.0,0.0,0.0,0.0,0.0,D3,75.8,45.0,102.5,0.0,31.0
183,3.5519165992736816,221.17346184722248,0.0,0.0,0.0,0.0,75.8,45.0,102.5,0.0,0.0,0.0,0.0,0.0,0.0,0.0,D3,75.8,45.0,102.5,0.0,31.0
184,3.5840694904327393,221.17346184722248,0.0,0.0,0.0,0.0,75.8,45.0,102.5,0.0,0.0,0.0,0.0,0.0,0.0,0.0,D3,75.8,45.0,102.5,0.0,31.0
185,3.613237142562866,222.45470667747657,0.0,0.0,0.0,0.0,75.8,45.0,102.5,0.0,0.0,0.0,0.0,0.0,0.0,0.0,D3,75.8,45.0,102.5,0.0,31.0
186,3.629239559173584,222.45470667747657,0.0,0.0,0.0,0.0,75.8,45.0,102.5,0.0,0.0,0.0,0.0,0.0,0.0,0.0,D3,75.8,45.0,102.5,0.0,31.0
187,3.644174098968506,222.45470667747657,0.0,0.0,0.0,0.0,75.8,45.0,102.5,0.0,0.0,0.0,0.0,0.0,0.0,0.0,D3,75.8,45.0,102.5,0.0,31.0
188,3.6602582931518555,222.45470667747657,0.0,0.0,0.0,0.0,75.8,45.0,102.5,0.0,0.0,0.0,0.0,0.0,0.0,0.0,D3,75.8,45.0,102.5,0.0,31.0
189,3.675502300262451,222.45470667747657,0.0,0.0,0.0,0.0,75.8,45.0,102.5,0.0,0.0,0.0,0.0,0.0,0.0,0.0,D3,75.8,45.0,102.5,0.0,31.0
190,3.691838502883911,222.45470667747657,0.0,0.0,0.0,0.0,75.8,45.0,102.5,0.0,0.0,0.0,0.0,0.0,0.0,0.0,D3,75.8,45.0,102.5,0.0,31.0
191,3.722755193710327,222.45470667747657,0.0,0.0,0.0,0.0,75.8,45.0,102.5,0.0,0.0,0.0,0.0,0.0,0.0,0.0,D3,75.8,45.0,102.5,0.0,31.0
192,3.754006862640381,197.04315364635175,0.0,0.0,0.0,0.0,75.8,45.0,102.5,0.0,0.0,0.0,0.0,0.0,0.0,0.0,D3,75.8,45.0,102.5,0.0,31.0
193,3.768951654434204,197.04315364635175,0.0,0.0,0.0,0.0,75.8,45.0,102.5,0.0,0.0,0.0,0.0,0.0,0.0,0.0,D3,75.8,45.0,102.5,0.0,31.0
194,3.7838001251220703,197.04315364635175,0.0,0.0,0.0,0.0,75.8,45.0,102.5,0.0,0.0,0.0,0.0,0.0,0.0,0.0,D3,75.8,45.0,102.5,0.0,31.0
195,3.80031156539917,197.04315364635175,0.0,0.0,0.0,0.0,75.8,45.0,102.5,0.0,0.0,0.0,0.0,0.0,0.0,0.0,D3,75.8,45.0,102.5,0.0,31.0
196,3.831611156463623,197.04315364635175,0.0,0.0,0.0,0.0,75.8,45.0,102.5,0.0,0.0,0.0,0.0,0.0,0.0,0.0,D3,75.8,45.0,102.5,0.0,31.0
197,3.8647077083587646,197.04315364635175,0.0,0.0,0.0,0.0,75.8,45.0,102.5,0.0,0.0,0.0,0.0,0.0,0.0,0.0,D3,75.8,45.0,102.5,0.0,31.0
198,3.894249439239502,191.43371755306833,0.0,0.0,0.0,0.0,75.8,45.0,102.5,0.0,0.0,0.0,0.0,0.0,0.0,0.0,D3,75.8,45.0,102.5,0.0,31.0
199,3.9094347953796387,191.43371755306833,0.0,0.0,0.0,0.0,75.8,45.0,102.5,0.0,0.0,0.0,0.0,0.0,0.0,0.0,D3,75.8,45.0,102.5,0.0,31.0
200,3.925691604614258,191.43371755306833,0.0,0.0,0.0,0.0,75.8,45.0,102.5,0.0,0.0,0.0,0.0,0.0,0.0,0.0,D3,75.8,45.0,102.5,0.0,31.0
201,3.9390718936920166,191.43371755306833,0.0,0.0,0.0,0.0,75.8,45.0,102.5,0.0,0.0,0.0,0.0,0.0,0.0,0.0,D3,75.8,45.0,102.5,0.0,31.0
202,3.957080125808716,191.43371755306833,0.0,0.0,0.0,0.0,75.8,45.0,102.5,0.0,0.0,0.0,0.0,0.0,0.0,0.0,D3,75.8,45.0,102.5,0.0,31.0
203,3.986006021499634,191.43371755306833,0.0,0.0,0.0,0.0,75.8,45.0,102.5,0.0,0.0,0.0,0.0,0.0,0.0,0.0,D3,75.8,45.0,102.5,0.0,31.0
204,4.001909494400024,191.43371755306833,0.0,0.0,0.0,0.0,75.8,45.0,102.5,0.0,0.0,0.0,0.0,0.0,0.0,0.0,D3,75.8,45.0,102.5,0.0,31.0
205,4.0183117389678955,194.7799199939686,0.0,0.0,0.0,0.0,75.8,45.0,102.5,0.0,0.0,0.0,0.0,0.0,0.0,0.0,D3,75.8,45.0,102.5,0.0,31.0
206,4.03289270401001,194.7799199939686,0.0,0.0,0.0,0.0,75.8,45.0,102.5,0.0,0.0,0.0,0.0,0.0,0.0,0.0,D3,75.8,45.0,102.5,0.0,31.0
207,4.049401760101318,194.7799199939686,0.0,0.0,0.0,0.0,75.8,45.0,102.5,0.0,0.0,0.0,0.0,0.0,0.0,0.0,D3,75.8,45.0,102.5,0.0,31.0
208,4.065476179122925,194.7799199939686,0.0,0.0,0.0,0.0,75.8,45.0,102.5,0.0,0.0,0.0,0.0,0.0,0.0,0.0,D3,75.8,45.0,102.5,0.0,31.0
209,4.081709384918213,194.7799199939686,0.0,0.0,0.0,0.0,75.8,45.0,102.5,0.0,0.0,0.0,0.0,0.0,0.0,0.0,D3,75.8,45.0,102.5,0.0,31.0
210,4.097134590148926,194.7799199939686,0.0,0.0,0.0,0.0,75.8,45.0,102.5,0.0,0.0,0.0,0.0,0.0,0.0,0.0,D3,75.8,45.0,102.5,0.0,31.0
211,4.114271640777588,194.7799199939686,0.0,0.0,0.0,0.0,75.8,45.0,102.5,0.0,0.0,0.0,0.0,0.0,0.0,0.0,D3,75.8,45.0,102.5,0.0,31.0
212,4.1452672481536865,193.6580702059513,0.0,0.0,0.0,0.0,75.8,45.0,102.5,0.0,0.0,0.0,0.0,0.0,0.0,0.0,D3,75.8,45.0,102.5,0.0,31.0
213,4.158895015716553,193.6580702059513,0.0,0.0,0.0,0.0,75.8,45.0,102.5,0.0,0.0,0.0,0.0,0.0,0.0,0.0,D3,75.8,45.0,102.5,0.0,31.0
214,4.176727771759033,193.6580702059513,0.0,0.0,0.0,0.0,75.8,45.0,102.5,0.0,0.0,0.0,0.0,0.0,0.0,0.0,D3,75.8,45.0,102.5,0.0,31.0
215,4.209421873092651,193.6580702059513,0.0,0.0,0.0,0.0,75.8,45.0,102.5,0.0,0.0,0.0,0.0,0.0,0.0,0.0,D3,75.8,45.0,102.5,0.0,31.0
216,4.238797187805176,193.6580702059513,0.0,0.0,0.0,0.0,75.8,45.0,102.5,0.0,0.0,0.0,0.0,0.0,0.0,0.0,D3,75.8,45.0,102.5,0.0,31.0
217,4.267666578292847,194.7799199939686,0.0,0.0,0.0,0.0,75.8,45.0,102.5,0.0,0.0,0.0,0.0,0.0,0.0,0.0,D3,75.8,45.0,102.5,0.0,31.0
218,4.284025192260742,194.7799199939686,0.0,0.0,0.0,0.0,75.8,45.0,102.5,0.0,0.0,0.0,0.0,0.0,0.0,0.0,D3,75.8,45.0,102.5,0.0,31.0
219,4.299118995666504,194.7799199939686,0.0,0.0,0.0,0.0,75.8,45.0,102.5,0.0,0.0,0.0,0.0,0.0,0.0,0.0,D3,75.8,45.0,102.5,0.0,31.0
220,4.314910173416138,194.7799199939686,0.0,0.0,0.0,0.0,75.8,45.0,102.5,0.0,0.0,0.0,0.0,0.0,0.0,0.0,D3,75.8,45.0,102.5,0.0,31.0
221,4.329061031341553,194.7799199939686,0.0,0.0,0.0,0.0,75.8,45.0,102.5,0.0,0.0,0.0,0.0,0.0,0.0,0.0,D3,75.8,45.0,102.5,0.0,31.0
222,4.347060441970825,194.7799199939686,0.0,0.0,0.0,0.0,75.8,45.0,102.5,0.0,0.0,0.0,0.0,0.0,0.0,0.0,D3,75.8,45.0,102.5,0.0,31.0
223,4.377261161804199,194.7799199939686,0.0,0.0,0.0,0.0,75.8,45.0,102.5,0.0,0.0,0.0,0.0,0.0,0.0,0.0,D3,75.8,45.0,102.5,0.0,31.0
224,4.394146919250488,194.7799199939686,0.0,0.0,0.0,0.0,75.8,45.0,102.5,0.0,0.0,0.0,0.0,0.0,0.0,0.0,D3,75.8,45.0,102.5,0.0,31.0
225,4.407848596572876,2092.0493174211356,0.0,0.0,0.0,0.0,75.8,45.0,102.5,0.0,0.0,0.0,0.0,0.0,0.0,0.0,D3,75.8,45.0,102.5,0.0,31.0
226,4.423210382461548,2092.0493174211356,0.0,0.0,0.0,0.0,75.8,45.0,102.5,0.0,0.0,0.0,0.0,0.0,0.0,0.0,D3,75.8,45.0,102.5,0.0,31.0
227,4.439289331436157,2092.0493174211356,0.0,0.0,0.0,0.0,75.8,45.0,102.5,0.0,0.0,0.0,0.0,0.0,0.0,0.0,D3,75.8,45.0,102.5,0.0,31.0
228,4.456690549850464,2092.0493174211356,0.0,0.0,0.0,0.0,75.8,45.0,102.5,0.0,0.0,0.0,0.0,0.0,0.0,0.0,D3,75.8,45.0,102.5,0.0,31.0
229,4.487272024154663,2092.0493174211356,0.0,0.0,0.0,0.0,75.8,45.0,102.5,0.0,0.0,0.0,0.0,0.0,0.0,0.0,D3,75.8,45.0,102.5,0.0,31.0
230,4.50137996673584,2092.0493174211356,0.0,0.0,0.0,0.0,75.8,45.0,102.5,0.0,0.0,0.0,0.0,0.0,0.0,0.0,D3,75.8,45.0,102.5,0.0,31.0
231,4.531184434890747,2092.0493174211356,0.0,0.0,0.0,0.0,75.8,45.0,102.5,0.0,0.0,0.0,0.0,0.0,0.0,0.0,D3,75.8,45.0,102.5,0.0,31.0
232,4.547344207763672,2092.0493174211356,0.0,0.0,0.0,0.0,75.8,45.0,102.5,0.0,0.0,0.0,0.0,0.0,0.0,0.0,D3,75.8,45.0,102.5,0.0,31.0
233,4.561538219451904,2092.0493174211356,0.0,0.0,0.0,0.0,75.8,45.0,102.5,0.0,0.0,0.0,0.0,0.0,0.0,0.0,D3,75.8,45.0,102.5,0.0,31.0
234,4.578342914581299,2092.0493174211356,0.0,0.0,0.0,0.0,75.8,45.0,102.5,0.0,0.0,0.0,0.0,0.0,0.0,0.0,D3,75.8,45.0,102.5,0.0,31.0
235,4.608544588088989,2092.0493174211356,0.0,0.0,0.0,0.0,75.8,45.0,102.5,0.0,0.0,0.0,0.0,0.0,0.0,0.0,D3,75.8,45.0,102.5,0.0,31.0
236,4.623914480209351,2092.0493174211356,0.0,0.0,0.0,0.0,75.8,45.0,102.5,0.0,0.0,0.0,0.0,0.0,0.0,0.0,D3,75.8,45.0,102.5,0.0,31.0
237,4.654911279678345,2092.0493174211356,0.0,0.0,0.0,0.0,75.8,45.0,102.5,0.0,0.0,0.0,0.0,0.0,0.0,0.0,D3,75.8,45.0,102.5,0.0,31.0
238,4.669567823410034,65.0,0.0,0.0,0.0,0.0,75.8,45.0,102.5,0.0,0.0,0.0,0.0,0.0,0.0,0.0,D3,75.8,45.0,102.5,0.0,31.0
239,4.686172962188721,65.0,0.0,0.0,0.0,0.0,75.8,45.0,102.5,0.0,0.0,0.0,0.0,0.0,0.0,0.0,D3,75.8,45.0,102.5,0.0,31.0
240,4.700434446334839,65.0,0.0,0.0,0.0,0.0,75.8,45.0,102.5,0.0,0.0,0.0,0.0,0.0,0.0,0.0,D3,75.8,45.0,102.5,0.0,31.0
241,4.7151548862457275,65.0,0.0,0.0,0.0,0.0,75.8,45.0,102.5,0.0,0.0,0.0,0.0,0.0,0.0,0.0,D3,75.8,45.0,102.5,0.0,31.0
242,4.73148250579834,65.0,0.0,0.0,0.0,0.0,75.8,45.0,102.5,0.0,0.0,0.0,0.0,0.0,0.0,0.0,D3,75.8,45.0,102.5,0.0,31.0
243,4.762238025665283,65.0,0.0,0.0,0.0,0.0,75.8,45.0,102.5,0.0,0.0,0.0,0.0,0.0,0.0,0.0,D3,75.8,45.0,102.5,0.0,31.0
244,4.777232646942139,65.0,0.0,0.0,0.0,0.0,75.8,45.0,102.5,0.0,0.0,0.0,0.0,0.0,0.0,0.0,D3,75.8,45.0,102.5,0.0,31.0
245,4.791856527328491,65.0,0.0,0.0,0.0,0.0,75.8,45.0,102.5,0.0,0.0,0.0,0.0,0.0,0.0,0.0,D3,75.8,45.0,102.5,0.0,31.0
246,4.807590961456299,65.0,0.0,0.0,0.0,0.0,75.8,45.0,102.5,0.0,0.0,0.0,0.0,0.0,0.0,0.0,D3,75.8,45.0,102.5,0.0,31.0
247,4.8245155811309814,65.0,0.0,0.0,0.0,0.0,75.8,45.0,102.5,0.0,0.0,0.0,0.0,0.0,0.0,0.0,D3,75.8,45.0,102.5,0.0,31.0
248,4.839543342590332,65.0,0.0,0.0,0.0,0.0,75.8,45.0,102.5,0.0,0.0,0.0,0.0,0.0,0.0,0.0,D3,75.8,45.0,102.5,0.0,31.0
249,4.854994773864746,65.0,0.0,0.0,0.0,0.0,75.8,45.0,102.5,0.0,0.0,0.0,0.0,0.0,0.0,0.0,D3,75.8,45.0,102.5,0.0,31.0
250,4.871126651763916,65.0,0.0,0.0,0.0,0.0,75.8,45.0,102.5,0.0,0.0,0.0,0.0,0.0,0.0,0.0,D3,75.8,45.0,102.5,0.0,31.0
251,4.887682914733887,65.0,0.0,0.0,0.0,0.0,75.8,45.0,102.5,0.0,0.0,0.0,0.0,0.0,0.0,0.0,D3,75.8,45.0,102.5,0.0,31.0
252,4.903654098510742,65.0,0.0,0.0,0.0,0.0,75.8,45.0,102.5,0.0,0.0,0.0,0.0,0.0,0.0,0.0,D3,75.8,45.0,102.5,0.0,31.0
253,4.91844630241394,65.0,0.0,0.0,0.0,0.0,75.8,45.0,102.5,0.0,0.0,0.0,0.0,0.0,0.0,0.0,D3,75.8,45.0,102.5,0.0,31.0
254,4.949469566345215,65.0,0.0,0.0,0.0,0.0,75.8,45.0,102.5,0.0,0.0,0.0,0.0,0.0,0.0,0.0,D3,75.8,45.0,102.5,0.0,31.0
255,4.965001344680786,65.0,0.0,0.0,0.0,0.0,75.8,45.0,102.5,0.0,0.0,0.0,0.0,0.0,0.0,0.0,D3,75.8,45.0,102.5,0.0,31.0
256,4.981584072113037,65.0,0.0,0.0,0.0,0.0,75.8,45.0,102.5,0.0,0.0,0.0,0.0,0.0,0.0,0.0,D3,75.8,45.0,102.5,0.0,31.0
257,4.997541666030884,65.0,0.0,0.0,0.0,0.0,75.8,45.0,102.5,0.0,0.0,0.0,0.0,0.0,0.0,0.0,D3,75.8,45.0,102.5,0.0,31.0
258,5.0120155811309814,65.0,0.0,0.0,0.0,0.0,75.8,45.0,102.5,0.0,0.0,0.0,0.0,0.0,0.0,0.0,D3,75.8,45.0,102.5,0.0,31.0
259,5.027874708175659,65.0,0.0,0.0,0.0,0.0,75.8,45.0,102.5,0.0,0.0,0.0,0.0,0.0,0.0,0.0,D3,75.8,45.0,102.5,0.0,31.0
260,5.044416904449463,65.0,0.0,0.0,0.0,0.0,75.8,45.0,102.5,0.0,0.0,0.0,0.0,0.0,0.0,0.0,D3,75.8,45.0,102.5,0.0,31.0
261,5.076677322387695,65.0,0.0,0.0,0.0,0.0,75.8,45.0,102.5,0.0,0.0,0.0,0.0,0.0,0.0,0.0,D3,75.8,45.0,102.5,0.0,31.0
262,5.105114459991455,65.0,0.0,0.0,0.0,0.0,75.8,45.0,102.5,0.0,0.0,0.0,0.0,0.0,0.0,0.0,D3,75.8,45.0,102.5,0.0,31.0
263,5.122062921524048,65.0,0.0,0.0,0.0,0.0,75.8,45.0,102.5,0.0,0.0,0.0,0.0,0.0,0.0,0.0,D3,75.8,45.0,102.5,0.0,31.0
264,5.153977394104004,65.0,0.0,0.0,0.0,0.0,75.8,45.0,102.5,0.0,0.0,0.0,0.0,0.0,0.0,0.0,D3,75.8,45.0,102.5,0.0,31.0
265,5.185480356216431,65.0,0.0,0.0,0.0,0.0,75.8,45.0,102.5,0.0,0.0,0.0,0.0,0.0,0.0,0.0,D3,75.8,45.0,102.5,0.0,31.0
266,5.213423013687134,179.64867439581087,0.0,0.0,0.0,0.0,75.8,45.0,102.5,0.0,0.0,0.0,0.0,0.0,0.0,0.0,D3,75.8,45.0,102.5,0.0,31.0
267,5.228641033172607,179.64867439581087,0.0,0.0,0.0,0.0,75.8,45.0,102.5,0.0,0.0,0.0,0.0,0.0,0.0,0.0,D3,75.8,45.0,102.5,0.0,31.0
268,5.246158838272095,179.64867439581087,0.0,0.0,0.0,0.0,75.8,45.0,102.5,0.0,0.0,0.0,0.0,0.0,0.0,0.0,D3,75.8,45.0,102.5,0.0,31.0
269,5.26018762588501,179.64867439581087,0.0,0.0,0.0,0.0,75.8,45.0,102.5,0.0,0.0,0.0,0.0,0.0,0.0,0.0,D3,75.8,45.0,102.5,0.0,31.0
270,5.276468276977539,179.64867439581087,0.0,0.0,0.0,0.0,75.8,45.0,102.5,0.0,0.0,0.0,0.0,0.0,0.0,0.0,D3,75.8,45.0,102.5,0.0,31.0
271,5.292798757553101,179.64867439581087,0.0,0.0,0.0,0.0,75.8,45.0,102.5,0.0,0.0,0.0,0.0,0.0,0.0,0.0,D3,75.8,45.0,102.5,0.0,31.0
272,5.309622287750244,179.64867439581087,0.0,0.0,0.0,0.0,75.8,45.0,102.5,0.0,0.0,0.0,0.0,0.0,0.0,0.0,D3,75.8,45.0,102.5,0.0,31.0
273,5.339422225952148,184.9127823656466,0.0,0.0,0.0,0.0,75.8,45.0,102.5,0.0,0.0,0.0,0.0,0.0,0.0,0.0,D3,75.8,45.0,102.5,0.0,31.0
274,5.353105306625366,184.9127823656466,0.0,0.0,0.0,0.0,75.8,45.0,102.5,0.0,0.0,0.0,0.0,0.0,0.0,0.0,D3,75.8,45.0,102.5,0.0,31.0
275,5.370218992233276,184.9127823656466,0.0,0.0,0.0,0.0,75.8,45.0,102.5,0.0,0.0,0.0,0.0,0.0,0.0,0.0,D3,75.8,45.0,102.5,0.0,31.0
276,5.384999990463257,184.9127823656466,0.0,0.0,0.0,0.0,75.8,45.0,102.5,0.0,0.0,0.0,0.0,0.0,0.0,0.0,D3,75.8,45.0,102.5,0.0,31.0
277,5.401839256286621,184.9127823656466,0.0,0.0,0.0,0.0,75.8,45.0,102.5,0.0,0.0,0.0,0.0,0.0,0.0,0.0,D3,75.8,45.0,102.5,0.0,31.0
278,5.416181325912476,184.9127823656466,0.0,0.0,0.0,0.0,75.8,45.0,102.5,0.0,0.0,0.0,0.0,0.0,0.0,0.0,D3,75.8,45.0,102.5,0.0,31.0
279,5.430819034576416,184.9127823656466,0.0,0.0,0.0,0.0,75.8,45.0,102.5,0.0,0.0,0.0,0.0,0.0,0.0,0.0,D3,75.8,45.0,102.5,0.0,31.0
280,5.446594715118408,184.9127823656466,0.0,0.0,0.0,0.0,75.8,45.0,102.5,0.0,0.0,0.0,0.0,0.0,0.0,0.0,D3,75.8,45.0,102.5,0.0,31.0
281,5.462785005569458,184.9127823656466,0.0,0.0,0.0,0.0,75.8,45.0,102.5,0.0,0.0,0.0,0.0,0.0,0.0,0.0,D3,75.8,45.0,102.5,0.0,31.0
282,5.4775872230529785,184.9127823656466,0.0,0.0,0.0,0.0,75.8,45.0,102.5,0.0,0.0,0.0,0.0,0.0,0.0,0.0,D3,75.8,45.0,102.5,0.0,31.0
283,5.493804931640625,184.9127823656466,0.0,0.0,0.0,0.0,75.8,45.0,102.5,0.0,0.0,0.0,0.0,0.0,0.0,0.0,D3,75.8,45.0,102.5,0.0,31.0
284,5.508992433547974,184.9127823656466,0.0,0.0,0.0,0.0,75.8,45.0,102.5,0.0,0.0,0.0,0.0,0.0,0.0,0.0,D3,75.8,45.0,102.5,0.0,31.0
285,5.526142358779907,184.9127823656466,0.0,0.0,0.0,0.0,75.8,45.0,102.5,0.0,0.0,0.0,0.0,0.0,0.0,0.0,D3,75.8,45.0,102.5,0.0,31.0
286,5.554821252822876,184.9127823656466,0.0,0.0,0.0,0.0,75.8,45.0,102.5,0.0,0.0,0.0,0.0,0.0,0.0,0.0,D3,75.8,45.0,102.5,0.0,31.0
287,5.571963310241699,184.9127823656466,0.0,0.0,0.0,0.0,75.8,45.0,102.5,0.0,0.0,0.0,0.0,0.0,0.0,0.0,D3,75.8,45.0,102.5,0.0,31.0
288,5.602702617645264,182.78887791090543,0.0,0.0,0.0,0.0,75.8,45.0,102.5,0.0,0.0,0.0,0.0,0.0,0.0,0.0,D3,75.8,45.0,102.5,0.0,31.0
289,5.618217706680298,182.78887791090543,0.0,0.0,0.0,0.0,75.8,45.0,102.5,0.0,0.0,0.0,0.0,0.0,0.0,0.0,D3,75.8,45.0,102.5,0.0,31.0
290,5.632277011871338,182.78887791090543,0.0,0.0,0.0,0.0,75.8,45.0,102.5,0.0,0.0,0.0,0.0,0.0,0.0,0.0,D3,75.8,45.0,102.5,0.0,31.0
291,5.650948762893677,182.78887791090543,0.0,0.0,0.0,0.0,75.8,45.0,102.5,0.0,0.0,0.0,0.0,0.0,0.0,0.0,D3,75.8,45.0,102.5,0.0,31.0
292,5.67978572845459,182.78887791090543,0.0,0.0,0.0,0.0,75.8,45.0,102.5,0.0,0.0,0.0,0.0,0.0,0.0,0.0,D3,75.8,45.0,102.5,0.0,31.0
293,5.6957690715789795,182.78887791090543,0.0,0.0,0.0,0.0,75.8,45.0,102.5,0.0,0.0,0.0,0.0,0.0,0.0,0.0,D3,75.8,45.0,102.5,0.0,31.0
294,5.7111976146698,182.78887791090543,0.0,0.0,0.0,0.0,75.8,45.0,102.5,0.0,0.0,0.0,0.0,0.0,0.0,0.0,D3,75.8,45.0,102.5,0.0,31.0
295,5.727583646774292,188.14500086724917,0.0,0.0,0.0,0.0,75.8,45.0,102.5,0.0,0.0,0.0,0.0,0.0,0.0,0.0,D3,75.8,45.0,102.5,0.0,31.0
296,5.743252754211426,188.14500086724917,0.0,0.0,0.0,0.0,75.8,45.0,102.5,0.0,0.0,0.0,0.0,0.0,0.0,0.0,D3,75.8,45.0,102.5,0.0,31.0
297,5.759672403335571,188.14500086724917,0.0,0.0,0.0,0.0,75.8,45.0,102.5,0.0,0.0,0.0,0.0,0.0,0.0,0.0,D3,75.8,45.0,102.5,0.0,31.0
298,5.776819229125977,188.14500086724917,0.0,0.0,0.0,0.0,75.8,45.0,102.5,0.0,0.0,0.0,0.0,0.0,0.0,0.0,D3,75.8,45.0,102.5,0.0,31.0
299,5.804598808288574,188.14500086724917,0.0,0.0,0.0,0.0,75.8,45.0,102.5,0.0,0.0,0.0,0.0,0.0,0.0,0.0,D3,75.8,45.0,102.5,0.0,31.0
300,5.823824405670166,188.14500086724917,0.0,0.0,0.0,0.0,75.8,45.0,102.5,0.0,0.0,0.0,0.0,0.0,0.0,0.0,D3,75.8,45.0,102.5,0.0,31.0
301,5.851794481277466,185.98397121658357,0.0,0.0,0.0,0.0,75.8,45.0,102.5,0.0,0.0,0.0,0.0,0.0,0.0,0.0,D3,75.8,45.0,102.5,0.0,31.0
302,5.8668084144592285,185.98397121658357,0.0,0.0,0.0,0.0,75.8,45.0,102.5,0.0,0.0,0.0,0.0,0.0,0.0,0.0,D3,75.8,45.0,102.5,0.0,31.0
303,5.8810412883758545,185.98397121658357,0.0,0.0,0.0,0.0,75.8,45.0,102.5,0.0,0.0,0.0,0.0,0.0,0.0,0.0,D3,75.8,45.0,102.5,0.0,31.0
304,5.897473096847534,185.98397121658357,0.0,0.0,0.0,0.0,75.8,45.0,102.5,0.0,0.0,0.0,0.0,0.0,0.0,0.0,D3,75.8,45.0,102.5,0.0,31.0
305,5.91281533241272,185.98397121658357,0.0,0.0,0.0,0.0,75.8,45.0,102.5,0.0,0.0,0.0,0.0,0.0,0.0,0.0,D3,75.8,45.0,102.5,0.0,31.0
306,5.929152011871338,185.98397121658357,0.0,0.0,0.0,0.0,75.8,45.0,102.5,0.0,0.0,0.0,0.0,0.0,0.0,0.0,D3,75.8,45.0,102.5,0.0,31.0
307,5.9446940422058105,185.98397121658357,0.0,0.0,0.0,0.0,75.8,45.0,102.5,0.0,0.0,0.0,0.0,0.0,0.0,0.0,D3,75.8,45.0,102.5,0.0,31.0
308,5.97661280632019,185.98397121658357,0.0,0.0,0.0,0.0,75.8,45.0,102.5,0.0,0.0,0.0,0.0,0.0,0.0,0.0,D3,75.8,45.0,102.5,0.0,31.0
309,5.991843938827515,189.23491376948436,0.0,0.0,0.0,0.0,75.8,45.0,102.5,0.0,0.0,0.0,0.0,0.0,0.0,0.0,D3,75.8,45.0,102.5,0.0,31.0
310,6.006170749664307,189.23491376948436,0.0,0.0,0.0,0.0,75.8,45.0,102.5,0.0,0.0,0.0,0.0,0.0,0.0,0.0,D3,75.8,45.0,102.5,0.0,31.0
311,6.0221662521362305,189.23491376948436,0.0,0.0,0.0,0.0,75.8,45.0,102.5,0.0,0.0,0.0,0.0,0.0,0.0,0.0,D3,75.8,45.0,102.5,0.0,31.0
312,6.037365913391113,189.23491376948436,0.0,0.0,0.0,0.0,75.8,45.0,102.5,0.0,0.0,0.0,0.0,0.0,0.0,0.0,D3,75.8,45.0,102.5,0.0,31.0
313,6.0566911697387695,189.23491376948436,0.0,0.0,0.0,0.0,75.8,45.0,102.5,0.0,0.0,0.0,0.0,0.0,0.0,0.0,D3,75.8,45.0,102.5,0.0,31.0
314,6.089014053344727,189.23491376948436,0.0,0.0,0.0,0.0,75.8,45.0,102.5,0.0,0.0,0.0,0.0,0.0,0.0,0.0,D3,75.8,45.0,102.5,0.0,31.0
315,6.118016719818115,189.23491376948436,0.0,0.0,0.0,0.0,75.8,45.0,102.5,0.0,0.0,0.0,0.0,0.0,0.0,0.0,D3,75.8,45.0,102.5,0.0,31.0
316,6.147710084915161,198.18461302324906,0.0,0.0,0.0,0.0,75.8,45.0,102.5,0.0,0.0,0.0,0.0,0.0,0.0,0.0,D3,75.8,45.0,102.5,0.0,31.0
317,6.163245439529419,198.18461302324906,0.0,0.0,0.0,0.0,75.8,45.0,102.5,0.0,0.0,0.0,0.0,0.0,0.0,0.0,D3,75.8,45.0,102.5,0.0,31.0
318,6.179850339889526,198.18461302324906,0.0,0.0,0.0,0.0,75.8,45.0,102.5,0.0,0.0,0.0,0.0,0.0,0.0,0.0,D3,75.8,45.0,102.5,0.0,31.0
319,6.196064710617065,198.18461302324906,0.0,0.0,0.0,0.0,75.8,45.0,102.5,0.0,0.0,0.0,0.0,0.0,0.0,0.0,D3,75.8,45.0,102.5,0.0,31.0
320,6.226677417755127,198.18461302324906,0.0,0.0,0.0,0.0,75.8,45.0,102.5,0.0,0.0,0.0,0.0,0.0,0.0,0.0,D3,75.8,45.0,102.5,0.0,31.0
321,6.243525266647339,198.18461302324906,0.0,0.0,0.0,0.0,75.8,45.0,102.5,0.0,0.0,0.0,0.0,0.0,0.0,0.0,D3,75.8,45.0,102.5,0.0,31.0
322,6.274374008178711,197.04315364635175,0.0,0.0,0.0,0.0,75.8,45.0,102.5,0.0,0.0,0.0,0.0,0.0,0.0,0.0,D3,75.8,45.0,102.5,0.0,31.0
323,6.303969383239746,197.04315364635175,0.0,0.0,0.0,0.0,75.8,45.0,102.5,0.0,0.0,0.0,0.0,0.0,0.0,0.0,D3,75.8,45.0,102.5,0.0,31.0
324,6.32033371925354,197.04315364635175,0.0,0.0,0.0,0.0,75.8,45.0,102.5,0.0,0.0,0.0,0.0,0.0,0.0,0.0,D3,75.8,45.0,102.5,0.0,31.0
325,6.334454298019409,197.04315364635175,0.0,0.0,0.0,0.0,75.8,45.0,102.5,0.0,0.0,0.0,0.0,0.0,0.0,0.0,D3,75.8,45.0,102.5,0.0,31.0
326,6.352454423904419,197.04315364635175,0.0,0.0,0.0,0.0,75.8,45.0,102.5,0.0,0.0,0.0,0.0,0.0,0.0,0.0,D3,75.8,45.0,102.5,0.0,31.0
327,6.3823630809783936,197.04315364635175,0.0,0.0,0.0,0.0,75.8,45.0,102.5,0.0,0.0,0.0,0.0,0.0,0.0,0.0,D3,75.8,45.0,102.5,0.0,31.0
328,6.413320302963257,197.04315364635175,0.0,0.0,0.0,0.0,75.8,45.0,102.5,0.0,0.0,0.0,0.0,0.0,0.0,0.0,D3,75.8,45.0,102.5,0.0,31.0
329,6.428452014923096,197.04315364635175,0.0,0.0,0.0,0.0,75.8,45.0,102.5,0.0,0.0,0.0,0.0,0.0,0.0,0.0,D3,75.8,45.0,102.5,0.0,31.0
330,6.44381046295166,197.04315364635175,0.0,0.0,0.0,0.0,75.8,45.0,102.5,0.0,0.0,0.0,0.0,0.0,0.0,0.0,D3,75.8,45.0,102.5,0.0,31.0
331,6.458498954772949,197.04315364635175,0.0,0.0,0.0,0.0,75.8,45.0,102.5,0.0,0.0,0.0,0.0,0.0,0.0,0.0,D3,75.8,45.0,102.5,0.0,31.0
332,6.474092960357666,197.04315364635175,0.0,0.0,0.0,0.0,75.8,45.0,102.5,0.0,0.0,0.0,0.0,0.0,0.0,0.0,D3,75.8,45.0,102.5,0.0,31.0
333,6.505881309509277,197.04315364635175,0.0,0.0,0.0,0.0,75.8,45.0,102.5,0.0,0.0,0.0,0.0,0.0,0.0,0.0,D3,75.8,45.0,102.5,0.0,31.0
334,6.535240173339844,177.5852333780714,0.0,0.0,0.0,0.0,75.8,45.0,102.5,0.0,0.0,0.0,0.0,0.0,0.0,0.0,D3,75.8,45.0,102.5,0.0,31.0
335,6.550570964813232,177.5852333780714,0.0,0.0,0.0,0.0,75.8,45.0,102.5,0.0,0.0,0.0,0.0,0.0,0.0,0.0,D3,75.8,45.0,102.5,0.0,31.0
336,6.567280292510986,177.5852333780714,0.0,0.0,0.0,0.0,75.8,45.0,102.5,0.0,0.0,0.0,0.0,0.0,0.0,0.0,D3,75.8,45.0,102.5,0.0,31.0
337,6.582340240478516,177.5852333780714,0.0,0.0,0.0,0.0,75.8,45.0,102.5,0.0,0.0,0.0,0.0,0.0,0.0,0.0,D3,75.8,45.0,102.5,0.0,31.0
338,6.598479986190796,177.5852333780714,0.0,0.0,0.0,0.0,75.8,45.0,102.5,0.0,0.0,0.0,0.0,0.0,0.0,0.0,D3,75.8,45.0,102.5,0.0,31.0
339,6.613675594329834,177.5852333780714,0.0,0.0,0.0,0.0,75.8,45.0,102.5,0.0,0.0,0.0,0.0,0.0,0.0,0.0,D3,75.8,45.0,102.5,0.0,31.0
340,6.646451234817505,177.5852333780714,0.0,0.0,0.0,0.0,75.8,45.0,102.5,0.0,0.0,0.0,0.0,0.0,0.0,0.0,D3,75.8,45.0,102.5,0.0,31.0
341,6.675070762634277,65.0,0.0,0.0,0.0,0.0,75.8,45.0,102.5,0.0,0.0,0.0,0.0,0.0,0.0,0.0,D3,75.8,45.0,102.5,0.0,31.0
342,6.691677093505859,65.0,0.0,0.0,0.0,0.0,75.8,45.0,102.5,0.0,0.0,0.0,0.0,0.0,0.0,0.0,D3,75.8,45.0,102.5,0.0,31.0
343,6.7072649002075195,65.0,0.0,0.0,0.0,0.0,75.8,45.0,102.5,0.0,0.0,0.0,0.0,0.0,0.0,0.0,D3,75.8,45.0,102.5,0.0,31.0
344,6.722346067428589,65.0,0.0,0.0,0.0,0.0,75.8,45.0,102.5,0.0,0.0,0.0,0.0,0.0,0.0,0.0,D3,75.8,45.0,102.5,0.0,31.0
345,6.738385915756226,65.0,0.0,0.0,0.0,0.0,75.8,45.0,102.5,0.0,0.0,0.0,0.0,0.0,0.0,0.0,D3,75.8,45.0,102.5,0.0,31.0
346,6.754496812820435,65.0,0.0,0.0,0.0,0.0,75.8,45.0,102.5,0.0,0.0,0.0,0.0,0.0,0.0,0.0,D3,75.8,45.0,102.5,0.0,31.0
347,6.785864591598511,65.0,0.0,0.0,0.0,0.0,75.8,45.0,102.5,0.0,0.0,0.0,0.0,0.0,0.0,0.0,D3,75.8,45.0,102.5,0.0,31.0
348,6.815353155136108,2092.0493174211356,0.0,0.0,0.0,0.0,75.8,45.0,102.5,0.0,0.0,0.0,0.0,0.0,0.0,0.0,D3,75.8,45.0,102.5,0.0,31.0
349,6.832475185394287,2092.0493174211356,0.0,0.0,0.0,0.0,75.8,45.0,102.5,0.0,0.0,0.0,0.0,0.0,0.0,0.0,D3,75.8,45.0,102.5,0.0,31.0
350,6.846966505050659,2092.0493174211356,0.0,0.0,0.0,0.0,75.8,45.0,102.5,0.0,0.0,0.0,0.0,0.0,0.0,0.0,D3,75.8,45.0,102.5,0.0,31.0
351,6.861328125,2092.0493174211356,0.0,0.0,0.0,0.0,75.8,45.0,102.5,0.0,0.0,0.0,0.0,0.0,0.0,0.0,D3,75.8,45.0,102.5,0.0,31.0
352,6.879928827285767,2092.0493174211356,0.0,0.0,0.0,0.0,75.8,45.0,102.5,0.0,0.0,0.0,0.0,0.0,0.0,0.0,D3,75.8,45.0,102.5,0.0,31.0
353,6.908861398696899,2092.0493174211356,0.0,0.0,0.0,0.0,75.8,45.0,102.5,0.0,0.0,0.0,0.0,0.0,0.0,0.0,D3,75.8,45.0,102.5,0.0,31.0
354,6.925610065460205,2092.0493174211356,0.0,0.0,0.0,0.0,75.8,45.0,102.5,0.0,0.0,0.0,0.0,0.0,0.0,0.0,D3,75.8,45.0,102.5,0.0,31.0
355,6.956362009048462,65.0,0.0,0.0,0.0,0.0,75.8,45.0,102.5,0.0,0.0,0.0,0.0,0.0,0.0,0.0,D3,75.8,45.0,102.5,0.0,31.0
356,6.971924781799316,65.0,0.0,0.0,0.0,0.0,75.8,45.0,102.5,0.0,0.0,0.0,0.0,0.0,0.0,0.0,D3,75.8,45.0,102.5,0.0,31.0
357,6.98714280128479,65.0,0.0,0.0,0.0,0.0,75.8,45.0,102.5,0.0,0.0,0.0,0.0,0.0,0.0,0.0,D3,75.8,45.0,102.5,0.0,31.0
358,7.00222110748291,65.0,0.0,0.0,0.0,0.0,75.8,45.0,102.5,0.0,0.0,0.0,0.0,0.0,0.0,0.0,D3,75.8,45.0,102.5,0.0,31.0
359,7.019917011260986,65.0,0.0,0.0,0.0,0.0,75.8,45.0,102.5,0.0,0.0,0.0,0.0,0.0,0.0,0.0,D3,75.8,45.0,102.5,0.0,31.0
360,7.049933195114136,65.0,0.0,0.0,0.0,0.0,75.8,45.0,102.5,0.0,0.0,0.0,0.0,0.0,0.0,0.0,D3,75.8,45.0,102.5,0.0,31.0
361,7.082174301147461,199.33268480704808,0.0,0.0,0.0,0.0,75.8,45.0,102.5,0.0,0.0,0.0,0.0,0.0,0.0,0.0,D3,75.8,45.0,102.5,0.0,31.0
362,7.097794055938721,199.33268480704808,0.0,0.0,0.0,0.0,75.8,45.0,102.5,0.0,0.0,0.0,0.0,0.0,0.0,0.0,D3,75.8,45.0,102.5,0.0,31.0
363,7.126895427703857,199.33268480704808,0.0,0.0,0.0,0.0,75.8,45.0,102.5,0.0,0.0,0.0,0.0,0.0,0.0,0.0,D3,75.8,45.0,102.5,0.0,31.0
364,7.144981384277344,199.33268480704808,0.0,0.0,0.0,0.0,75.8,45.0,102.5,0.0,0.0,0.0,0.0,0.0,0.0,0.0,D3,75.8,45.0,102.5,0.0,31.0
365,7.1601622104644775,199.33268480704808,0.0,0.0,0.0,0.0,75.8,45.0,102.5,0.0,0.0,0.0,0.0,0.0,0.0,0.0,D3,75.8,45.0,102.5,0.0,31.0
366,7.174823045730591,199.33268480704808,0.0,0.0,0.0,0.0,75.8,45.0,102.5,0.0,0.0,0.0,0.0,0.0,0.0,0.0,D3,75.8,45.0,102.5,0.0,31.0
367,7.189894676208496,199.33268480704808,0.0,0.0,0.0,0.0,75.8,45.0,102.5,0.0,0.0,0.0,0.0,0.0,0.0,0.0,D3,75.8,45.0,102.5,0.0,31.0
368,7.2063517570495605,199.33268480704808,0.0,0.0,0.0,0.0,75.8,45.0,102.5,0.0,0.0,0.0,0.0,0.0,0.0,0.0,D3,75.8,45.0,102.5,0.0,31.0
369,7.2232346534729,2092.0493174211356,0.0,0.0,0.0,0.0,75.8,45.0,102.5,0.0,0.0,0.0,0.0,0.0,0.0,0.0,D3,75.8,45.0,102.5,0.0,31.0
370,7.2373950481414795,2092.0493174211356,0.0,0.0,0.0,0.0,75.8,45.0,102.5,0.0,0.0,0.0,0.0,0.0,0.0,0.0,D3,75.8,45.0,102.5,0.0,31.0
371,7.252988338470459,2092.0493174211356,0.0,0.0,0.0,0.0,75.8,45.0,102.5,0.0,0.0,0.0,0.0,0.0,0.0,0.0,D3,75.8,45.0,102.5,0.0,31.0
372,7.270203113555908,2092.0493174211356,0.0,0.0,0.0,0.0,75.8,45.0,102.5,0.0,0.0,0.0,0.0,0.0,0.0,0.0,D3,75.8,45.0,102.5,0.0,31.0
373,7.28432559967041,2092.0493174211356,0.0,0.0,0.0,0.0,75.8,45.0,102.5,0.0,0.0,0.0,0.0,0.0,0.0,0.0,D3,75.8,45.0,102.5,0.0,31.0
374,7.299628019332886,2092.0493174211356,0.0,0.0,0.0,0.0,75.8,45.0,102.5,0.0,0.0,0.0,0.0,0.0,0.0,0.0,D3,75.8,45.0,102.5,0.0,31.0
375,7.316343545913696,2092.0493174211356,0.0,0.0,0.0,0.0,75.8,45.0,102.5,0.0,0.0,0.0,0.0,0.0,0.0,0.0,D3,75.8,45.0,102.5,0.0,31.0
376,7.33130669593811,2092.0493174211356,0.0,0.0,0.0,0.0,75.8,45.0,102.5,0.0,0.0,0.0,0.0,0.0,0.0,0.0,D3,75.8,45.0,102.5,0.0,31.0
377,7.348400115966797,2092.0493174211356,0.0,0.0,0.0,0.0,75.8,45.0,102.5,0.0,0.0,0.0,0.0,0.0,0.0,0.0,D3,75.8,45.0,102.5,0.0,31.0
378,7.362227439880371,200.48740730303228,0.0,0.0,0.0,0.0,75.8,45.0,102.5,0.0,0.0,0.0,0.0,0.0,0.0,0.0,D3,75.8,45.0,102.5,0.0,31.0
379,7.379132032394409,200.48740730303228,0.0,0.0,0.0,0.0,75.8,45.0,102.5,0.0,0.0,0.0,0.0,0.0,0.0,0.0,D3,75.8,45.0,102.5,0.0,31.0
380,7.39499306678772,200.48740730303228,0.0,0.0,0.0,0.0,75.8,45.0,102.5,0.0,0.0,0.0,0.0,0.0,0.0,0.0,D3,75.8,45.0,102.5,0.0,31.0
381,7.4258058071136475,200.48740730303228,0.0,0.0,0.0,0.0,75.8,45.0,102.5,0.0,0.0,0.0,0.0,0.0,0.0,0.0,D3,75.8,45.0,102.5,0.0,31.0
382,7.440282106399536,200.48740730303228,0.0,0.0,0.0,0.0,75.8,45.0,102.5,0.0,0.0,0.0,0.0,0.0,0.0,0.0,D3,75.8,45.0,102.5,0.0,31.0
383,7.455968379974365,200.48740730303228,0.0,0.0,0.0,0.0,75.8,45.0,102.5,0.0,0.0,0.0,0.0,0.0,0.0,0.0,D3,75.8,45.0,102.5,0.0,31.0
384,7.4712536334991455,200.48740730303228,0.0,0.0,0.0,0.0,75.8,45.0,102.5,0.0,0.0,0.0,0.0,0.0,0.0,0.0,D3,75.8,45.0,102.5,0.0,31.0
385,7.486797094345093,65.0,0.0,0.0,0.0,0.0,75.8,45.0,102.5,0.0,0.0,0.0,0.0,0.0,0.0,0.0,D3,75.8,45.0,102.5,0.0,31.0
386,7.5015363693237305,65.0,0.0,0.0,0.0,0.0,75.8,45.0,102.5,0.0,0.0,0.0,0.0,0.0,0.0,0.0,D3,75.8,45.0,102.5,0.0,31.0
387,7.518351793289185,65.0,0.0,0.0,0.0,0.0,75.8,45.0,102.5,0.0,0.0,0.0,0.0,0.0,0.0,0.0,D3,75.8,45.0,102.5,0.0,31.0
388,7.549352407455444,65.0,0.0,0.0,0.0,0.0,75.8,45.0,102.5,0.0,0.0,0.0,0.0,0.0,0.0,0.0,D3,75.8,45.0,102.5,0.0,31.0
389,7.563687324523926,65.0,0.0,0.0,0.0,0.0,75.8,45.0,102.5,0.0,0.0,0.0,0.0,0.0,0.0,0.0,D3,75.8,45.0,102.5,0.0,31.0
390,7.57926607131958,65.0,0.0,0.0,0.0,0.0,75.8,45.0,102.5,0.0,0.0,0.0,0.0,0.0,0.0,0.0,D3,75.8,45.0,102.5,0.0,31.0
391,7.596012830734253,65.0,0.0,0.0,0.0,0.0,75.8,45.0,102.5,0.0,0.0,0.0,0.0,0.0,0.0,0.0,D3,75.8,45.0,102.5,0.0,31.0
392,7.625025510787964,65.0,0.0,0.0,0.0,0.0,75.8,45.0,102.5,0.0,0.0,0.0,0.0,0.0,0.0,0.0,D3,75.8,45.0,102.5,0.0,31.0
393,7.640061616897583,65.0,0.0,0.0,0.0,0.0,75.8,45.0,102.5,0.0,0.0,0.0,0.0,0.0,0.0,0.0,D3,75.8,45.0,102.5,0.0,31.0
394,7.656042098999023,65.0,0.0,0.0,0.0,0.0,75.8,45.0,102.5,0.0,0.0,0.0,0.0,0.0,0.0,0.0,D3,75.8,45.0,102.5,0.0,31.0
395,7.674018859863281,65.0,0.0,0.0,0.0,0.0,75.8,45.0,102.5,0.0,0.0,0.0,0.0,0.0,0.0,0.0,D3,75.8,45.0,102.5,0.0,31.0
396,7.7056214809417725,65.0,0.0,0.0,0.0,0.0,75.8,45.0,102.5,0.0,0.0,0.0,0.0,0.0,0.0,0.0,D3,75.8,45.0,102.5,0.0,31.0
397,7.733997106552124,65.0,0.0,0.0,0.0,0.0,75.8,45.0,102.5,0.0,0.0,0.0,0.0,0.0,0.0,0.0,D3,75.8,45.0,102.5,0.0,31.0
398,7.750254154205322,65.0,0.0,0.0,0.0,0.0,75.8,45.0,102.5,0.0,0.0,0.0,0.0,0.0,0.0,0.0,D3,75.8,45.0,102.5,0.0,31.0
399,7.764872789382935,65.0,0.0,0.0,0.0,0.0,75.8,45.0,102.5,0.0,0.0,0.0,0.0,0.0,0.0,0.0,D3,75.8,45.0,102.5,0.0,31.0
400,7.781781911849976,65.0,0.0,0.0,0.0,0.0,75.8,45.0,102.5,0.0,0.0,0.0,0.0,0.0,0.0,0.0,D3,75.8,45.0,102.5,0.0,31.0
401,7.798631906509399,65.0,0.0,0.0,0.0,0.0,75.8,45.0,102.5,0.0,0.0,0.0,0.0,0.0,0.0,0.0,D3,75.8,45.0,102.5,0.0,31.0
402,7.812573194503784,65.0,0.0,0.0,0.0,0.0,75.8,45.0,102.5,0.0,0.0,0.0,0.0,0.0,0.0,0.0,D3,75.8,45.0,102.5,0.0,31.0
403,7.832579851150513,65.0,0.0,0.0,0.0,0.0,75.8,45.0,102.5,0.0,0.0,0.0,0.0,0.0,0.0,0.0,D3,75.8,45.0,102.5,0.0,31.0
404,7.860552072525024,65.0,0.0,0.0,0.0,0.0,75.8,45.0,102.5,0.0,0.0,0.0,0.0,0.0,0.0,0.0,D3,75.8,45.0,102.5,0.0,31.0
405,7.87719988822937,200.48740730303228,0.0,0.0,0.0,0.0,75.8,45.0,102.5,0.0,0.0,0.0,0.0,0.0,0.0,0.0,D3,75.8,45.0,102.5,0.0,31.0
406,7.892049074172974,200.48740730303228,0.0,0.0,0.0,0.0,75.8,45.0,102.5,0.0,0.0,0.0,0.0,0.0,0.0,0.0,D3,75.8,45.0,102.5,0.0,31.0
407,7.908149003982544,200.48740730303228,0.0,0.0,0.0,0.0,75.8,45.0,102.5,0.0,0.0,0.0,0.0,0.0,0.0,0.0,D3,75.8,45.0,102.5,0.0,31.0
408,7.924078941345215,200.48740730303228,0.0,0.0,0.0,0.0,75.8,45.0,102.5,0.0,0.0,0.0,0.0,0.0,0.0,0.0,D3,75.8,45.0,102.5,0.0,31.0
409,7.94094705581665,200.48740730303228,0.0,0.0,0.0,0.0,75.8,45.0,102.5,0.0,0.0,0.0,0.0,0.0,0.0,0.0,D3,75.8,45.0,102.5,0.0,31.0
410,7.957031488418579,200.48740730303228,0.0,0.0,0.0,0.0,75.8,45.0,102.5,0.0,0.0,0.0,0.0,0.0,0.0,0.0,D3,75.8,45.0,102.5,0.0,31.0
411,7.987616300582886,200.48740730303228,0.0,0.0,0.0,0.0,75.8,45.0,102.5,0.0,0.0,0.0,0.0,0.0,0.0,0.0,D3,75.8,45.0,102.5,0.0,31.0
412,8.016870737075806,2092.0493174211356,0.0,0.0,0.0,0.0,75.8,45.0,102.5,0.0,0.0,0.0,0.0,0.0,0.0,0.0,D3,75.8,45.0,102.5,0.0,31.0
413,8.032945156097412,2092.0493174211356,0.0,0.0,0.0,0.0,75.8,45.0,102.5,0.0,0.0,0.0,0.0,0.0,0.0,0.0,D3,75.8,45.0,102.5,0.0,31.0
414,8.048625469207764,2092.0493174211356,0.0,0.0,0.0,0.0,75.8,45.0,102.5,0.0,0.0,0.0,0.0,0.0,0.0,0.0,D3,75.8,45.0,102.5,0.0,31.0
415,8.066145896911621,2092.0493174211356,0.0,0.0,0.0,0.0,75.8,45.0,102.5,0.0,0.0,0.0,0.0,0.0,0.0,0.0,D3,75.8,45.0,102.5,0.0,31.0
416,8.082032203674316,2092.0493174211356,0.0,0.0,0.0,0.0,75.8,45.0,102.5,0.0,0.0,0.0,0.0,0.0,0.0,0.0,D3,75.8,45.0,102.5,0.0,31.0
417,8.098737955093384,2092.0493174211356,0.0,0.0,0.0,0.0,75.8,45.0,102.5,0.0,0.0,0.0,0.0,0.0,0.0,0.0,D3,75.8,45.0,102.5,0.0,31.0
418,8.128052949905396,2092.0493174211356,0.0,0.0,0.0,0.0,75.8,45.0,102.5,0.0,0.0,0.0,0.0,0.0,0.0,0.0,D3,75.8,45.0,102.5,0.0,31.0
419,8.159058570861816,65.0,0.0,0.0,0.0,0.0,75.8,45.0,102.5,0.0,0.0,0.0,0.0,0.0,0.0,0.0,D3,75.8,45.0,102.5,0.0,31.0
420,8.188668966293335,65.0,0.0,0.0,0.0,0.0,75.8,45.0,102.5,0.0,0.0,0.0,0.0,0.0,0.0,0.0,D3,75.8,45.0,102.5,0.0,31.0
421,8.207647562026978,65.0,0.0,0.0,0.0,0.0,75.8,45.0,102.5,0.0,0.0,0.0,0.0,0.0,0.0,0.0,D3,75.8,45.0,102.5,0.0,31.0
422,8.238309383392334,65.0,0.0,0.0,0.0,0.0,75.8,45.0,102.5,0.0,0.0,0.0,0.0,0.0,0.0,0.0,D3,75.8,45.0,102.5,0.0,31.0
423,8.265721082687378,65.0,0.0,0.0,0.0,0.0,75.8,45.0,102.5,0.0,0.0,0.0,0.0,0.0,0.0,0.0,D3,75.8,45.0,102.5,0.0,31.0
424,8.280296564102173,65.0,0.0,0.0,0.0,0.0,75.8,45.0,102.5,0.0,0.0,0.0,0.0,0.0,0.0,0.0,D3,75.8,45.0,102.5,0.0,31.0
425,8.296879053115845,65.0,0.0,0.0,0.0,0.0,75.8,45.0,102.5,0.0,0.0,0.0,0.0,0.0,0.0,0.0,D3,75.8,45.0,102.5,0.0,31.0
426,8.311993598937988,65.0,0.0,0.0,0.0,0.0,75.8,45.0,102.5,0.0,0.0,0.0,0.0,0.0,0.0,0.0,D3,75.8,45.0,102.5,0.0,31.0
427,8.326782464981079,65.0,0.0,0.0,0.0,0.0,75.8,45.0,102.5,0.0,0.0,0.0,0.0,0.0,0.0,0.0,D3,75.8,45.0,102.5,0.0,31.0
428,8.343327283859253,65.0,0.0,0.0,0.0,0.0,75.8,45.0,102.5,0.0,0.0,0.0,0.0,0.0,0.0,0.0,D3,75.8,45.0,102.5,0.0,31.0
429,8.374452352523804,65.0,0.0,0.0,0.0,0.0,75.8,45.0,102.5,0.0,0.0,0.0,0.0,0.0,0.0,0.0,D3,75.8,45.0,102.5,0.0,31.0
430,8.389674663543701,65.0,0.0,0.0,0.0,0.0,75.8,45.0,102.5,0.0,0.0,0.0,0.0,0.0,0.0,0.0,D3,75.8,45.0,102.5,0.0,31.0
431,8.406681299209595,65.0,0.0,0.0,0.0,0.0,75.8,45.0,102.5,0.0,0.0,0.0,0.0,0.0,0.0,0.0,D3,75.8,45.0,102.5,0.0,31.0
432,8.435126066207886,65.0,0.0,0.0,0.0,0.0,75.8,45.0,102.5,0.0,0.0,0.0,0.0,0.0,0.0,0.0,D3,75.8,45.0,102.5,0.0,31.0
433,8.450434684753418,65.0,0.0,0.0,0.0,0.0,75.8,45.0,102.5,0.0,0.0,0.0,0.0,0.0,0.0,0.0,D3,75.8,45.0,102.5,0.0,31.0
434,8.467530727386475,65.0,0.0,0.0,0.0,0.0,75.8,45.0,102.5,0.0,0.0,0.0,0.0,0.0,0.0,0.0,D3,75.8,45.0,102.5,0.0,31.0
435,8.483300685882568,65.0,0.0,0.0,0.0,0.0,75.8,45.0,102.5,0.0,0.0,0.0,0.0,0.0,0.0,0.0,D3,75.8,45.0,102.5,0.0,31.0
436,8.500432014465332,65.0,0.0,0.0,0.0,0.0,75.8,45.0,102.5,0.0,0.0,0.0,0.0,0.0,0.0,0.0,D3,75.8,45.0,102.5,0.0,31.0
437,8.514441728591919,65.0,0.0,0.0,0.0,0.0,75.8,45.0,102.5,0.0,0.0,0.0,0.0,0.0,0.0,0.0,D3,75.8,45.0,102.5,0.0,31.0
438,8.532076835632324,65.0,0.0,0.0,0.0,0.0,75.8,45.0,102.5,0.0,0.0,0.0,0.0,0.0,0.0,0.0,D3,75.8,45.0,102.5,0.0,31.0
439,8.56240463256836,65.0,0.0,0.0,0.0,0.0,75.8,45.0,102.5,0.0,0.0,0.0,0.0,0.0,0.0,0.0,D3,75.8,45.0,102.5,0.0,31.0
440,8.591479301452637,65.0,0.0,0.0,0.0,0.0,75.8,45.0,102.5,0.0,0.0,0.0,0.0,0.0,0.0,0.0,D3,75.8,45.0,102.5,0.0,31.0
441,8.60891318321228,65.0,0.0,0.0,0.0,0.0,75.8,45.0,102.5,0.0,0.0,0.0,0.0,0.0,0.0,0.0,D3,75.8,45.0,102.5,0.0,31.0
442,8.624223709106445,65.0,0.0,0.0,0.0,0.0,75.8,45.0,102.5,0.0,0.0,0.0,0.0,0.0,0.0,0.0,D3,75.8,45.0,102.5,0.0,31.0
443,8.639726877212524,65.0,0.0,0.0,0.0,0.0,75.8,45.0,102.5,0.0,0.0,0.0,0.0,0.0,0.0,0.0,D3,75.8,45.0,102.5,0.0,31.0
444,8.655334949493408,65.0,0.0,0.0,0.0,0.0,75.8,45.0,102.5,0.0,0.0,0.0,0.0,0.0,0.0,0.0,D3,75.8,45.0,102.5,0.0,31.0
445,8.672420740127563,65.0,0.0,0.0,0.0,0.0,75.8,45.0,102.5,0.0,0.0,0.0,0.0,0.0,0.0,0.0,D3,75.8,45.0,102.5,0.0,31.0
446,8.686828136444092,65.0,0.0,0.0,0.0,0.0,75.8,45.0,102.5,0.0,0.0,0.0,0.0,0.0,0.0,0.0,D3,75.8,45.0,102.5,0.0,31.0
447,8.702479124069214,65.0,0.0,0.0,0.0,0.0,75.8,45.0,102.5,0.0,0.0,0.0,0.0,0.0,0.0,0.0,D3,75.8,45.0,102.5,0.0,31.0
448,8.719386100769043,65.0,0.0,0.0,0.0,0.0,75.8,45.0,102.5,0.0,0.0,0.0,0.0,0.0,0.0,0.0,D3,75.8,45.0,102.5,0.0,31.0
449,8.735418796539307,65.0,0.0,0.0,0.0,0.0,75.8,45.0,102.5,0.0,0.0,0.0,0.0,0.0,0.0,0.0,D3,75.8,45.0,102.5,0.0,31.0
450,8.765766859054565,65.0,0.0,0.0,0.0,0.0,75.8,45.0,102.5,0.0,0.0,0.0,0.0,0.0,0.0,0.0,D3,75.8,45.0,102.5,0.0,31.0
451,8.782043695449829,65.0,0.0,0.0,0.0,0.0,75.8,45.0,102.5,0.0,0.0,0.0,0.0,0.0,0.0,0.0,D3,75.8,45.0,102.5,0.0,31.0
452,8.797549962997437,65.0,0.0,0.0,0.0,0.0,75.8,45.0,102.5,0.0,0.0,0.0,0.0,0.0,0.0,0.0,D3,75.8,45.0,102.5,0.0,31.0
453,8.826563596725464,65.0,0.0,0.0,0.0,0.0,75.8,45.0,102.5,0.0,0.0,0.0,0.0,0.0,0.0,0.0,D3,75.8,45.0,102.5,0.0,31.0
454,8.84168791770935,65.0,0.0,0.0,0.0,0.0,75.8,45.0,102.5,0.0,0.0,0.0,0.0,0.0,0.0,0.0,D3,75.8,45.0,102.5,0.0,31.0
455,8.859419822692871,65.0,0.0,0.0,0.0,0.0,75.8,45.0,102.5,0.0,0.0,0.0,0.0,0.0,0.0,0.0,D3,75.8,45.0,102.5,0.0,31.0
456,8.87560486793518,65.0,0.0,0.0,0.0,0.0,75.8,45.0,102.5,0.0,0.0,0.0,0.0,0.0,0.0,0.0,D3,75.8,45.0,102.5,0.0,31.0
457,8.906021118164062,65.0,0.0,0.0,0.0,0.0,75.8,45.0,102.5,0.0,0.0,0.0,0.0,0.0,0.0,0.0,D3,75.8,45.0,102.5,0.0,31.0
458,8.935132503509521,65.0,0.0,0.0,0.0,0.0,75.8,45.0,102.5,0.0,0.0,0.0,0.0,0.0,0.0,0.0,D3,75.8,45.0,102.5,0.0,31.0
459,8.950491905212402,261.5061646776419,0.0,0.0,0.0,0.0,75.8,45.0,102.5,0.0,0.0,0.0,0.0,0.0,0.0,0.0,D3,75.8,45.0,102.5,0.0,31.0
460,8.966840028762817,261.5061646776419,0.0,0.0,0.0,0.0,75.8,45.0,102.5,0.0,0.0,0.0,0.0,0.0,0.0,0.0,D3,75.8,45.0,102.5,0.0,31.0
461,8.981492280960083,261.5061646776419,0.0,0.0,0.0,0.0,75.8,45.0,102.5,0.0,0.0,0.0,0.0,0.0,0.0,0.0,D3,75.8,45.0,102.5,0.0,31.0
462,8.997272968292236,261.5061646776419,0.0,0.0,0.0,0.0,75.8,45.0,102.5,0.0,0.0,0.0,0.0,0.0,0.0,0.0,D3,75.8,45.0,102.5,0.0,31.0
463,9.01329231262207,261.5061646776419,0.0,0.0,0.0,0.0,75.8,45.0,102.5,0.0,0.0,0.0,0.0,0.0,0.0,0.0,D3,75.8,45.0,102.5,0.0,31.0
464,9.028412580490112,261.5061646776419,0.0,0.0,0.0,0.0,75.8,45.0,102.5,0.0,0.0,0.0,0.0,0.0,0.0,0.0,D3,75.8,45.0,102.5,0.0,31.0
465,9.044004678726196,261.5061646776419,0.0,0.0,0.0,0.0,75.8,45.0,102.5,0.0,0.0,0.0,0.0,0.0,0.0,0.0,D3,75.8,45.0,102.5,0.0,31.0
466,9.060914039611816,261.5061646776419,0.0,0.0,0.0,0.0,75.8,45.0,102.5,0.0,0.0,0.0,0.0,0.0,0.0,0.0,D3,75.8,45.0,102.5,0.0,31.0
467,9.075411796569824,261.5061646776419,0.0,0.0,0.0,0.0,75.8,45.0,102.5,0.0,0.0,0.0,0.0,0.0,0.0,0.0,D3,75.8,45.0,102.5,0.0,31.0
468,9.091766119003296,266.0772119191614,0.0,0.0,0.0,0.0,75.8,45.0,102.5,0.0,0.0,0.0,0.0,0.0,0.0,0.0,D3,75.8,45.0,102.5,0.0,31.0
469,9.107177019119263,266.0772119191614,0.0,0.0,0.0,0.0,75.8,45.0,102.5,0.0,0.0,0.0,0.0,0.0,0.0,0.0,D3,75.8,45.0,102.5,0.0,31.0
470,9.123987913131714,266.0772119191614,0.0,0.0,0.0,0.0,75.8,45.0,102.5,0.0,0.0,0.0,0.0,0.0,0.0,0.0,D3,75.8,45.0,102.5,0.0,31.0
471,9.139038324356079,266.0772119191614,0.0,0.0,0.0,0.0,75.8,45.0,102.5,0.0,0.0,0.0,0.0,0.0,0.0,0.0,D3,75.8,45.0,102.5,0.0,31.0
472,9.155004501342773,266.0772119191614,0.0,0.0,0.0,0.0,75.8,45.0,102.5,0.0,0.0,0.0,0.0,0.0,0.0,0.0,D3,75.8,45.0,102.5,0.0,31.0
473,9.186577320098877,266.0772119191614,0.0,0.0,0.0,0.0,75.8,45.0,102.5,0.0,0.0,0.0,0.0,0.0,0.0,0.0,D3,75.8,45.0,102.5,0.0,31.0
474,9.215542793273926,2092.0493174211356,0.0,0.0,0.0,0.0,75.8,45.0,102.5,0.0,0.0,0.0,0.0,0.0,0.0,0.0,D3,75.8,45.0,102.5,0.0,31.0
475,9.232479333877563,2092.0493174211356,0.0,0.0,0.0,0.0,75.8,45.0,102.5,0.0,0.0,0.0,0.0,0.0,0.0,0.0,D3,75.8,45.0,102.5,0.0,31.0
476,9.248152017593384,2092.0493174211356,0.0,0.0,0.0,0.0,75.8,45.0,102.5,0.0,0.0,0.0,0.0,0.0,0.0,0.0,D3,75.8,45.0,102.5,0.0,31.0
477,9.262850522994995,2092.0493174211356,0.0,0.0,0.0,0.0,75.8,45.0,102.5,0.0,0.0,0.0,0.0,0.0,0.0,0.0,D3,75.8,45.0,102.5,0.0,31.0
478,9.278455257415771,2092.0493174211356,0.0,0.0,0.0,0.0,75.8,45.0,102.5,0.0,0.0,0.0,0.0,0.0,0.0,0.0,D3,75.8,45.0,102.5,0.0,31.0
479,9.310996770858765,2092.0493174211356,0.0,0.0,0.0,0.0,75.8,45.0,102.5,0.0,0.0,0.0,0.0,0.0,0.0,0.0,D3,75.8,45.0,102.5,0.0,31.0
480,9.325722217559814,2092.0493174211356,0.0,0.0,0.0,0.0,75.8,45.0,102.5,0.0,0.0,0.0,0.0,0.0,0.0,0.0,D3,75.8,45.0,102.5,0.0,31.0
481,9.340283632278442,2092.0493174211356,0.0,0.0,0.0,0.0,75.8,45.0,102.5,0.0,0.0,0.0,0.0,0.0,0.0,0.0,D3,75.8,45.0,102.5,0.0,31.0
482,9.355615854263306,2092.0493174211356,0.0,0.0,0.0,0.0,75.8,45.0,102.5,0.0,0.0,0.0,0.0,0.0,0.0,0.0,D3,75.8,45.0,102.5,0.0,31.0
483,9.372091293334961,2092.0493174211356,0.0,0.0,0.0,0.0,75.8,45.0,102.5,0.0,0.0,0.0,0.0,0.0,0.0,0.0,D3,75.8,45.0,102.5,0.0,31.0
484,9.387030124664307,2092.0493174211356,0.0,0.0,0.0,0.0,75.8,45.0,102.5,0.0,0.0,0.0,0.0,0.0,0.0,0.0,D3,75.8,45.0,102.5,0.0,31.0
485,9.40102744102478,2092.0493174211356,0.0,0.0,0.0,0.0,75.8,45.0,102.5,0.0,0.0,0.0,0.0,0.0,0.0,0.0,D3,75.8,45.0,102.5,0.0,31.0
486,9.416476964950562,2092.0493174211356,0.0,0.0,0.0,0.0,75.8,45.0,102.5,0.0,0.0,0.0,0.0,0.0,0.0,0.0,D3,75.8,45.0,102.5,0.0,31.0
487,9.431773900985718,2092.0493174211356,0.0,0.0,0.0,0.0,75.8,45.0,102.5,0.0,0.0,0.0,0.0,0.0,0.0,0.0,D3,75.8,45.0,102.5,0.0,31.0
488,9.447131633758545,2092.0493174211356,0.0,0.0,0.0,0.0,75.8,45.0,102.5,0.0,0.0,0.0,0.0,0.0,0.0,0.0,D3,75.8,45.0,102.5,0.0,31.0
489,9.463220834732056,2092.0493174211356,0.0,0.0,0.0,0.0,75.8,45.0,102.5,0.0,0.0,0.0,0.0,0.0,0.0,0.0,D3,75.8,45.0,102.5,0.0,31.0
490,9.477750062942505,65.0,0.0,0.0,0.0,0.0,75.8,45.0,102.5,0.0,0.0,0.0,0.0,0.0,0.0,0.0,D3,75.8,45.0,102.5,0.0,31.0
491,9.49433159828186,65.0,0.0,0.0,0.0,0.0,75.8,45.0,102.5,0.0,0.0,0.0,0.0,0.0,0.0,0.0,D3,75.8,45.0,102.5,0.0,31.0
492,9.510810852050781,65.0,0.0,0.0,0.0,0.0,75.8,45.0,102.5,0.0,0.0,0.0,0.0,0.0,0.0,0.0,D3,75.8,45.0,102.5,0.0,31.0
493,9.52584195137024,65.0,0.0,0.0,0.0,0.0,75.8,45.0,102.5,0.0,0.0,0.0,0.0,0.0,0.0,0.0,D3,75.8,45.0,102.5,0.0,31.0
494,9.541740417480469,65.0,0.0,0.0,0.0,0.0,75.8,45.0,102.5,0.0,0.0,0.0,0.0,0.0,0.0,0.0,D3,75.8,45.0,102.5,0.0,31.0
495,9.559858798980713,65.0,0.0,0.0,0.0,0.0,75.8,45.0,102.5,0.0,0.0,0.0,0.0,0.0,0.0,0.0,D3,75.8,45.0,102.5,0.0,31.0
496,9.588214635848999,65.0,0.0,0.0,0.0,0.0,75.8,45.0,102.5,0.0,0.0,0.0,0.0,0.0,0.0,0.0,D3,75.8,45.0,102.5,0.0,31.0
497,9.60430645942688,65.0,0.0,0.0,0.0,0.0,75.8,45.0,102.5,0.0,0.0,0.0,0.0,0.0,0.0,0.0,D3,75.8,45.0,102.5,0.0,31.0
498,9.619479656219482,65.0,0.0,0.0,0.0,0.0,75.8,45.0,102.5,0.0,0.0,0.0,0.0,0.0,0.0,0.0,D3,75.8,45.0,102.5,0.0,31.0
499,9.634365558624268,65.0,0.0,0.0,0.0,0.0,75.8,45.0,102.5,0.0,0.0,0.0,0.0,0.0,0.0,0.0,D3,75.8,45.0,102.5,0.0,31.0
500,9.649839401245117,65.0,0.0,0.0,0.0,0.0,75.8,45.0,102.5,0.0,0.0,0.0,0.0,0.0,0.0,0.0,D3,75.8,45.0,102.5,0.0,31.0
501,9.666420459747314,65.0,0.0,0.0,0.0,0.0,75.8,45.0,102.5,0.0,0.0,0.0,0.0,0.0,0.0,0.0,D3,75.8,45.0,102.5,0.0,31.0
502,9.680787086486816,65.0,0.0,0.0,0.0,0.0,75.8,45.0,102.5,0.0,0.0,0.0,0.0,0.0,0.0,0.0,D3,75.8,45.0,102.5,0.0,31.0
503,9.698481798171997,65.0,0.0,0.0,0.0,0.0,75.8,45.0,102.5,0.0,0.0,0.0,0.0,0.0,0.0,0.0,D3,75.8,45.0,102.5,0.0,31.0
504,9.730143547058105,65.0,0.0,0.0,0.0,0.0,75.8,45.0,102.5,0.0,0.0,0.0,0.0,0.0,0.0,0.0,D3,75.8,45.0,102.5,0.0,31.0
505,9.759221315383911,2092.0493174211356,0.0,0.0,0.0,0.0,75.8,45.0,102.5,0.0,0.0,0.0,0.0,0.0,0.0,0.0,D3,75.8,45.0,102.5,0.0,31.0
506,9.77523136138916,2092.0493174211356,0.0,0.0,0.0,0.0,75.8,45.0,102.5,0.0,0.0,0.0,0.0,0.0,0.0,0.0,D3,75.8,45.0,102.5,0.0,31.0
507,9.789950847625732,2092.0493174211356,0.0,0.0,0.0,0.0,75.8,45.0,102.5,0.0,0.0,0.0,0.0,0.0,0.0,0.0,D3,75.8,45.0,102.5,0.0,31.0
508,9.806970596313477,2092.0493174211356,0.0,0.0,0.0,0.0,75.8,45.0,102.5,0.0,0.0,0.0,0.0,0.0,0.0,0.0,D3,75.8,45.0,102.5,0.0,31.0
509,9.837905168533325,2092.0493174211356,0.0,0.0,0.0,0.0,75.8,45.0,102.5,0.0,0.0,0.0,0.0,0.0,0.0,0.0,D3,75.8,45.0,102.5,0.0,31.0
510,9.868528604507446,2092.0493174211356,0.0,0.0,0.0,0.0,75.8,45.0,102.5,0.0,0.0,0.0,0.0,0.0,0.0,0.0,D3,75.8,45.0,102.5,0.0,31.0
511,9.88324522972107,65.0,0.0,0.0,0.0,0.0,75.8,45.0,102.5,0.0,0.0,0.0,0.0,0.0,0.0,0.0,D3,75.8,45.0,102.5,0.0,31.0
512,9.89945101737976,65.0,0.0,0.0,0.0,0.0,75.8,45.0,102.5,0.0,0.0,0.0,0.0,0.0,0.0,0.0,D3,75.8,45.0,102.5,0.0,31.0
513,9.915011882781982,65.0,0.0,0.0,0.0,0.0,75.8,45.0,102.5,0.0,0.0,0.0,0.0,0.0,0.0,0.0,D3,75.8,45.0,102.5,0.0,31.0
514,9.929551124572754,65.0,0.0,0.0,0.0,0.0,75.8,45.0,102.5,0.0,0.0,0.0,0.0,0.0,0.0,0.0,D3,75.8,45.0,102.5,0.0,31.0
515,9.946231603622437,65.0,0.0,0.0,0.0,0.0,75.8,45.0,102.5,0.0,0.0,0.0,0.0,0.0,0.0,0.0,D3,75.8,45.0,102.5,0.0,31.0
516,9.960800409317017,65.0,0.0,0.0,0.0,0.0,75.8,45.0,102.5,0.0,0.0,0.0,0.0,0.0,0.0,0.0,D3,75.8,45.0,102.5,0.0,31.0
517,9.991616249084473,65.0,0.0,0.0,0.0,0.0,75.8,45.0,102.5,0.0,0.0,0.0,0.0,0.0,0.0,0.0,D3,75.8,45.0,102.5,0.0,31.0
518,10.024966716766357,2092.0493174211356,0.0,0.0,0.0,0.0,75.8,45.0,102.5,0.0,0.0,0.0,0.0,0.0,0.0,0.0,D3,75.8,45.0,102.5,0.0,31.0
519,10.055083274841309,2092.0493174211356,0.0,0.0,0.0,0.0,75.8,45.0,102.5,0.0,0.0,0.0,0.0,0.0,0.0,0.0,D3,75.8,45.0,102.5,0.0,31.0
520,10.07099199295044,2092.0493174211356,0.0,0.0,0.0,0.0,75.8,45.0,102.5,0.0,0.0,0.0,0.0,0.0,0.0,0.0,D3,75.8,45.0,102.5,0.0,31.0
521,10.087413311004639,2092.0493174211356,0.0,0.0,0.0,0.0,75.8,45.0,102.5,0.0,0.0,0.0,0.0,0.0,0.0,0.0,D3,75.8,45.0,102.5,0.0,31.0
522,10.103829622268677,2092.0493174211356,0.0,0.0,0.0,0.0,75.8,45.0,102.5,0.0,0.0,0.0,0.0,0.0,0.0,0.0,D3,75.8,45.0,102.5,0.0,31.0
523,10.11968207359314,2092.0493174211356,0.0,0.0,0.0,0.0,75.8,45.0,102.5,0.0,0.0,0.0,0.0,0.0,0.0,0.0,D3,75.8,45.0,102.5,0.0,31.0
524,10.15098786354065,2092.0493174211356,0.0,0.0,0.0,0.0,75.8,45.0,102.5,0.0,0.0,0.0,0.0,0.0,0.0,0.0,D3,75.8,45.0,102.5,0.0,31.0
525,10.17984676361084,2092.0493174211356,0.0,0.0,0.0,0.0,75.8,45.0,102.5,0.0,0.0,0.0,0.0,0.0,0.0,0.0,D3,75.8,45.0,102.5,0.0,31.0
526,10.195823192596436,2092.0493174211356,0.0,0.0,0.0,0.0,75.8,45.0,102.5,0.0,0.0,0.0,0.0,0.0,0.0,0.0,D3,75.8,45.0,102.5,0.0,31.0
527,10.211313962936401,2092.0493174211356,0.0,0.0,0.0,0.0,75.8,45.0,102.5,0.0,0.0,0.0,0.0,0.0,0.0,0.0,D3,75.8,45.0,102.5,0.0,31.0
528,10.226655960083008,2092.0493174211356,0.0,0.0,0.0,0.0,75.8,45.0,102.5,0.0,0.0,0.0,0.0,0.0,0.0,0.0,D3,75.8,45.0,102.5,0.0,31.0
529,10.257248640060425,2092.0493174211356,0.0,0.0,0.0,0.0,75.8,45.0,102.5,0.0,0.0,0.0,0.0,0.0,0.0,0.0,D3,75.8,45.0,102.5,0.0,31.0
530,10.289975643157959,2092.0493174211356,0.0,0.0,0.0,0.0,75.8,45.0,102.5,0.0,0.0,0.0,0.0,0.0,0.0,0.0,D3,75.8,45.0,102.5,0.0,31.0
531,10.318790435791016,65.0,0.0,0.0,0.0,0.0,75.8,45.0,102.5,0.0,0.0,0.0,0.0,0.0,0.0,0.0,D3,75.8,45.0,102.5,0.0,31.0
532,10.334378719329834,65.0,0.0,0.0,0.0,0.0,75.8,45.0,102.5,0.0,0.0,0.0,0.0,0.0,0.0,0.0,D3,75.8,45.0,102.5,0.0,31.0
533,10.352157831192017,65.0,0.0,0.0,0.0,0.0,75.8,45.0,102.5,0.0,0.0,0.0,0.0,0.0,0.0,0.0,D3,75.8,45.0,102.5,0.0,31.0
534,10.384031295776367,65.0,0.0,0.0,0.0,0.0,75.8,45.0,102.5,0.0,0.0,0.0,0.0,0.0,0.0,0.0,D3,75.8,45.0,102.5,0.0,31.0
535,10.416495084762573,65.0,0.0,0.0,0.0,0.0,75.8,45.0,102.5,0.0,0.0,0.0,0.0,0.0,0.0,0.0,D3,75.8,45.0,102.5,0.0,31.0
536,10.444382429122925,2092.0493174211356,0.0,0.0,0.0,0.0,75.8,45.0,102.5,0.0,0.0,0.0,0.0,0.0,0.0,0.0,D3,75.8,45.0,102.5,0.0,31.0
537,10.459673166275024,2092.0493174211356,0.0,0.0,0.0,0.0,75.8,45.0,102.5,0.0,0.0,0.0,0.0,0.0,0.0,0.0,D3,75.8,45.0,102.5,0.0,31.0
538,10.475493431091309,2092.0493174211356,0.0,0.0,0.0,0.0,75.8,45.0,102.5,0.0,0.0,0.0,0.0,0.0,0.0,0.0,D3,75.8,45.0,102.5,0.0,31.0
539,10.491442203521729,2092.0493174211356,0.0,0.0,0.0,0.0,75.8,45.0,102.5,0.0,0.0,0.0,0.0,0.0,0.0,0.0,D3,75.8,45.0,102.5,0.0,31.0
540,10.507643699645996,2092.0493174211356,0.0,0.0,0.0,0.0,75.8,45.0,102.5,0.0,0.0,0.0,0.0,0.0,0.0,0.0,D3,75.8,45.0,102.5,0.0,31.0
